"Composer";"Arranger";"title";"subtitle";"choirvoice_name";"solovoice_name";"Instrument_name";"Language_name";"Author";"theme_name";"holiday_name";"movements";"category_name";"notes";"copies"
"Adolphson_Olle";"Lundén-Welden_Gunnar";"Det gåtfulla folket";;"SSAATTBB";;;;;"Dop";;;;;
"Adolphson_Olle";;"Koral";"När nöd och mörker rår";"SSATB";;;;;"Hopp";;;;;
"Adolphson_Olle";;"Mässa på svenska språket";;"SSAATTBB";"S A T";;;;;;;"Mässa";;
"Adolphson_Olle";;"Nu har jag fått den jag vill ha";"Körvisor 4";"SSAATB";"Röst";"Gitarr";;;;;;;;
"Adolphson_Olle";;"Nu kommer kvällen";"Körvisor 4";"SSATB";;;;;"Hopp";;;;;
"Adolphson_Olle";;"Flicka ligg nära";"Körvisor 4";"SATBB";"Röst";;;;"Kärlek";;;;;
"Adolphson_Olle";;"Trubbel";;"SSAATBB";"Röst";"Piano";;;"Kärlek";;;;;
"Agnestig_Carl-Bertil";"Oldgren_Karin";"Adventstid";;"SATBB,SSATB";;;"Svenska";;;"Advent";;;;
"Beethoven_Ludwig van";;"I himlar,sjungen";"Beethovens lovsång";"SATB";;"Orgel";;"Gellert_C F";"Lovsång";;;;;31
"Ahnfelt_Oscar";"Frisk_Sven-Inge";"Nåden, var morgon ny";;"SATB";;;"Svenska";"Ahnfelt_Oscar";;;;;;
"Ahnfelt_Oscar";"Frisk_Sven-Inge";"Staden där ovan";;"SATB";;;"Svenska";"Ahnfelt_Oscar";;;;;"Står i häftet Nåden var morgon ny";
"Aleotti_Raphaella";;"Surge,propera amica mea";;"SATB+SATB";;;"Latin";"Bibel";"Kärlek";;;;"Höga visan";40
"Alfvén_Hugo";;"Julsång";;"SSAATTBB";;;"Svenska";"Nyblom_Knut";"Jul";;;;;39
"Allegri_Gregorio";;"Miserere";;"SSATB";"S A T B";;"Latin";;;;;;;40
"Andersson_Benny";"Oldgren_Karin";"Anthem";;"SSAATB";"Röst";"Piano";"Engelska";"Ulveaus_Björn,Rice_Tim";"Kärlek";;;;"Musikal";40
"Andersson_Benny";"Eljas_Anders";"Anthem";;"SSAATTBB";;;"Engelska";"Ulveaus_Björn,Rice_Tim";"Kärlek";;;;"Musikal";25
"Andersson_Benny";"Arnberg_Göran";"Anthem";;"SSAATBB";"Röst";"Orgel";"Engelska";"Ulveaus_Björn,Rice_Tim";"Kärlek";;;;"Musikal";42
"Andersson_Benny";"Eljas_Anders";"Klinga mina klockor";;"SSATB";;"Piano";"Svenska";"Ulvaeus_Björn";;;;;;20
"Andersson_Benny";"Ericsson_Bo";"Var hör vi hemma";;"SAATTBB";;;"Svenska";"Ulvaeus_Björn";;;;;"Musikal";22
"Andersson_Benny";"Eljas_Anders";"Vilar glad i din famn";;"SSATB";;"Piano/orgel";"Svenska";"Lugn_Kristina";"Kärlek";;;;;41
"Andersson_Benny";"Arnberg_Göran";"Kärlekens tid";;"SATB";;"Kontrabas";"Svenska";"Eggehorn_Ylva";"Kärlek,Bön";;;;"Musikal";14
"Andersson_Benny";"Arnberg_Göran";"En skrift i snön";;"SATB";"Röst";"Piano";"Svenska";"Lugn_Kristina";;;;;;18
"Andersson_Ditte";;"Bön av den heliga Birgitta";;"SATB+församling";;;"Svenska";"Den heliga Birgitta";"Bön,Efterföljelse";"Bönsönd,Septuagesima,Marie bebåd.,Apostladagen,2 s e Tref,6 s e Tref.,8 s e Tref.,19 sö e Tref.,18 s e Tref";;;;39
"Andersson_Olof";;"Mässmusik";;"SSSAAATTTBBB";;;"Latin";"Mässordinariet";"Lovsång,Allmänt";;2;"Mässa";;
"Andersson_Reinhold";;"Herren är min herde";;"SATB";;;"Svenska";"Bibel";;"3 i påsktiden";;;"Psaltarpsalm";63
"Andersson_Tina";;"The Angel";;"SATB div";"S";;"Engelska";"Lermontov_Michail";;;;;;40
"Anerio_Felice";;"Alleluia,Christus surrexit";;"SATB";;;"Latin";;"Påsk";"Påskdagen";;;;21
"Anerio_Felice";;"Kristus blev för vår skull lydig";;"SATB";;;"Latin,Svenska";;"Passionstid,Stilla veckan";"Långfredagen";;;;20
"Ankarblom_Nils-Petter";;"Lussepolska";;"SATB";;;"Svenska";"Beurling_Tea-Louice";"Lucia";;;;;20
"Anonymus";;"Alta Trinita Beata";;"SATB";;;"Latin";;;;;;"Precession";40
"Anonymus";;"Gud Fader,då han såg vår nöd";;"SATB";;;"Latin";;"Fastan,Passionstid,Stilla veckan";"Långfredagen";;;;28
"Anonymus";;"I stilla fastetider";;"SATB";;;"Svenska";"Lindström_E";"Fastan,Passionstid,Stilla veckan";"Långfredagen";;;;40
"Anonymus";;"Kom,Helge Ande,Herre god";"ur Pie Cantiones";"SATB";;;"Svenska";;"Pingst";"Pingstdagen,Annandag pingst";;;"Pie Cantiones";40
"Arcadelt_Jakob";;"Ave Maria,gratia plena";;"SATB";;;"Latin";"Bibel";"Herrens moder,Jungfru Maria";"Marie bebåd.,4 advent";;;;40
"Arcadelt_Jakob";;"O,kom,Guds Ande god";;"SATB";;;"Svenska";;"Pingst,Allmänt,Ande";"Annandag pingst,Pingstdagen";;;;20
"Arnesen_Kim André";;"Even When He is Silent";;"SSAATTBB";;;"Engelska";;"Hopp,Förtröstan,Tröst,Kärlek,Tvivel";;;;;20
"Arpåker_Martin";;"Missa brevis";;"SSAATBB";;;"Latin";"Mässordinariet";;;2;"Mässa";;20
"Asmussen_Svend";"Hallberg_Bengt";"Oh what a day";;"SATB";;"Piano";"Engelska";;"Lovsång,Glädje";"Tacksägelsed,Påskdagen,Påsknatten";;;;20
"Atterberg_Kurt";;"Ave maris stella";"ur scenmusik till ""Syster Beatrice"",Maurice Matterlinck";"SATB";;;"Latin";;"Jungfru Maria,Herrens moder";"Marie bebåd.,4 advent";;;;20
"Bach_Johann Sebastian";;"I djupet av mitt hjärta";"ur Johannespassionen";"SATB";;;"Svenska";;"Stilla veckan";"Långfredagen";;;;15
"Bach_Johann Sebastian";;"Såsom hjorten längtar";;"SSATB";;;"Svenska";"Bibel";"Förtröstan";;;;"Psaltarpsalm";15
"Bainton_Edgar L";;"Och jag såg en ny himmel";;"SATB";;"Orgel";"Svenska";"Bibel";"Förtröstan,Hopp,Tröst";"Domssöndagen";;;;24
"Bainton_Edgar L";;"And I saw a new heaven";;"SATB";;"Orgel";"Engelska";"Bibel";"Förtröstan,Hopp,Tröst";"Domssöndagen";;;;24
"Barber_Samuel";;"Agnus Dei";;"SSAATTBB";"S";;"Latin";"Mässordinariet";;;;;;39
"Beamish_Sally";;"In the stillness";;"SATB";;;"Svenska";"Shepherd_Katrina";"Jul";"Juldagen";;;;40
"Becker_Albert";;"Uti din nåd";;"SATB";;;"Svenska";;"Allmänt,Förtröstan,Hopp,Tröst";;;;;20
"Béen_L M";;"Sköna maj,välkommen";;"SATB";;;"Svenska";"Runeberg_J L";"Vår";;;;;25
"Beethoven_Ludwig van";;"I himlar,sjungen";"Beethovens lovsång";"SATB";;"Orgel";;"Gellert_C F";"Lovsång";;;;;31
"Britten_Benjamin";;"Five flower songs";;"SATB";;;;"Herrick_Crabbe";"Vår";;;;;
"Trad";"Alfvén_Hugo";"Och jungfrun går i ringen";;"SATB";;;;;;;;;;
"Trad";"Eriksson_Gunnar";"Ge mig en dag";"Österlenvisan";"SSAATTBB";;;;;"Allmänt";;;;;
"Trad";"Ahlenius_Johan";"Bred dina vida vingar";;"SAA";;"Orkester";"Svenska";"Sandell_Lina";"Förtröstan,Hopp,Begravning";;;;"Sv ps 190";
"Trad";"Alfvén_Hugo";"Glädjens blomster";;"SAATB";;;"Svenska";"Trad";"Begravning,Allmänt,Vår";;;;;1
"Trad";"Alfvén_Hugo";"Vallvisa";"Limu,limu lima ";;;;"Svenska";"Trad";"Allmänt,Sommar";;;;;3
"Trad";"Alfvén_Hugo";"Ut i vår hage";"Folkvisa från Gotland";"SAATBB";;;"Svenska";"Trad";"Allmänt,Sommar,Vår";;;;;3
"Trad";"Alldahl_Per-Gunnar";"Se vår nya glädje här";"ur Piae Cantiones";"SSAATBB";;;"Svenska";"Torvalds_Ole";"Jul";"Juldagen";;;;36
"Trad";"Ahlenius_Johan";"O,store Gud";"Sv Ps ";"SATB";;"Orkester";"Svenska";;"Allmänt,Förtröstan,Glädje,Hopp,Lovsång";;;;;25
"Trad";"Ahlenius_Johan";"Oändlig nåd";;"SATB";"Röst";"Orkester";"Svenska";;"Allmänt,Hopp";;;;;25
"Trad";"Bartók_Béla";"Four slovak folk songs";;"SATB";;"Piano";"Ungerska";;;;;;;25
"Berg_Daniel";;"Stars";;"SSAATTBB";;"Marimba,Percussion";;;;;;;;2
"Berg_Gottfrid";;"Ack,Herre Jesu,hör min röst";;"SATB";;;"Svenska";"Trad";"Tröst,Nåd";;;;"Ps 63 i gamla psalmboken";12
"Berg_Gottfrid";;"Fröjda dig,du dotter Sion";;"SAB";;;"Svenska";"Bibel";;"1 advent";;;"I samma box som Han blev plågad";31
"Berg_Gottfrid";;"Han blev plågad";;"SAB";;;"Svenska";"Bibel";"Passionstid";"Långfredagen";;;"I samma box som Fröjda dig,du dotter Sion";31
"Berg_Gottfrid";;"Du evige förbarmare";;"SATB";;;"Svenska";;"Nattvard";;;;"I sammabox som Ack,mildaste Jesu";23
"Berg_Gottfrid";;"Människan,av kvinna född";;"SATB";;;"Svenska";"Bibel";"Sorg,Tvivel";"Alla helgons d";;;"I samma box som Lär oss betänka huru få våra dagar äro";24
"Berg_Gottfrid";;"Gud låter sina trogna här";;"SATB";;;"Svenska";;"Allmänt,Förtröstan,Nåd,Tröst";"Mikaels d";;;"I samma box som Giv,o himmelske fader";36
"Berg_Gottfrid";;"Giv,o himmelske Fader";;"SATB";;;"Svenska";;"Allmänt,Förtröstan,Nåd,Tröst";"3 i fastan.";;;"I samma box som Gudlåter sina trogna här";24
"Berg_Gottfrid";;"Veni creator";;"SATB";;;"Svenska";;"Ande";"Pingstdagen";;;"Ingår i häftet Tre latinska hymner";31
"Berg_Gottfrid";;"Miserere";;"SAT";;;"Svenska";;"Passionstid";"1 i fastan.,2 i fastan.,3 i fastan.,5 i fastan.,Askonsd.,Skärtorsd,Långfredagen";;;"Ingår i häftet Tre latinska hymner";31
"Berg_Gottfrid";;"Ave Maria";;"SATB";;;"Svenska";;"Bön,Herrens moder,Jungfru Maria";"1 i fastan.,2 i fastan.,3 i fastan.,5 i fastan.,Askonsd.,Skärtorsd,Långfredagen,4 advent";;;"Ingår i häftet Tre latinska hymner";31
"Bingham_Judith";;"The drowned lovers";;"SSSAAATTTBBB";;;"Engelska";"Coleridge_Mary E";"Kärlek";;;;;19
"Trad";"Bjarnegård_Gustaf";"Fyra sånger om Maria";"Var hälsad  Herrens Moder,Jungfru Maria till Betlehem gick,Maria gick av sorger böjd";"SAB,SATB";;;"Svenska";;"Herrens moder,Passionstid";"Marie bebåd.,Långfredagen";;;;9
"Bjarnegård_Gustaf";;"De som så med tårar";;"SATB";;;"Svenska";"Bibel";"All helgona";"Alla helgons d";;;;29
"Blom_Oskar";;"Krist är uppstånden";;"SATB";;;"Svenska";;"Påsk,Uppståndelse";"Påskdagen,Påsknatten,2 i påsktiden,3 i påsktiden,4 i påsktiden,5 i påsktiden";;;;33
"Boldemann_Laci";"Öhrwall_Anders";"Tre fasliga fåglar";;"SATB";"Röst";"Piano";"Svenska";"Hallqvist_Britt-G";;;;;;31
"Boldemann_Laci";"Öhrwall_Anders";"Mopsen";;"SATB";;"Piano";"Svenska";"Hallqvist_Britt-G";;;;;;35
"Trad";"Bond_Anders";"Bereden väg för Herran";;"SATB";;;"Svenska";;"Advent";"1 advent,2 advent,3 advent,4 advent";;;;60
"Bond_Anders";;"Herre,till vem skulle vi gå?";;"SATB";;"Orgel,Piano";"Svenska";"Bibel";;"4 e trettond";;;"Ingår i Sju Sakrala Sånger";1
"Bond_Anders";;"Genesarets sång";;"Solo,Unison,SATB";;"Orgel,Piano";"Svenska";"Rönnegård_Sam";;;;;"Ingår i Sju Sakrala Sånger";1
"Bond_Anders";;"En såningsman gick ut att så";;"SATB";;"Orgel,Piano";"Svenska";"Rönnegård_Sam";;"Sexag.";;;"Ingår i Sju Sakrala Sånger";1
"Bond_Anders";;"Via dolorosa";;"SAB";;;"Svenska";"Rönnegård_Sam";"Passionstid";"Sexag.,Långfredagen";;;"Ingår i Sju Sakrala Sånger";1
"Trad";"Bond_Anders";"Klinga,själens strängaljud";;"SATB";;;"Svenska";"Evers_Edvard";"Allmänt";"Tacksägelsed";;;"Ingår i Sju Sakrala Sånger";1
"Bossi_Enrico";;"Cantate Domino";;"SSATTBB";;"Orgel";"Latin";"Bibel";"Allmänt,Advent";;;;;80
"Bowie_David";"Oldgren_Karin";"Life on mars";;"SAATB";"Röst";"Piano";"Engelska";"Bowie_David";"Allmänt";;;;;40
"Brahms_Johannes";;"Abendlied";;"SATB";;"Piano";"Tyska";;"Allmänt,Kväll,Afton";;;;;20
"Brahms_Johannes";;"Abendständchen";;"SAATBB";;;"Tyska";"Brentano_Clemens";"Allmänt,Afton,Kväll";;;;"ur Drei gesänge Op 42";40
"Brahms_Johannes";;"Fest- und Gedenkspruche";;"SATB+SATB";;;"Tyska";"Bibel";"Allmänt";;2;;;39
"Brahms_Johannes";;"Fünf Gesänge";;"SAATBB,SATBB,SATB";;;"Tyska";;"Allmänt";;2;;;45
"Brahms_Johannes";;"Geistliches Lied";;"SATB";;"Orgel";"Tyska";;"Allmänt";;2;;;40
"Brahms_Johannes";;"I frid och glädje";;"SATB";;;"Svenska";;"Allmänt,Förtröstan,Hopp,All helgona";;;;"Slutkoral ur Warum";20
"Brahms_Johannes";;"Marienlieder";;"SATB,SSATB";;;"Tyska";;"Jungfru Maria";"Marie bebåd.,4 advent";;;;3
"Brahms_Johannes";;"Warum?";;"SATB,SSATBB";;;"Tyska";"Bibel";"Förtröstan,Sorg,Hopp,Tvivel,Allmänt";;;;;40
"Brahms_Johannes";;"Vineta";;"SAATBB";;;"Tyska";;"Allmänt";;;;;40
"Brahms_Johannes";;"Waldesnacht";;"SATBB";;;"Tyska";"Heyse_Paul";"Allmänt,Natur,Afton,Kväll";;;;;33
"Brahms_Johannes";;"Hållplatsdrömmar";"Zigeunerlieder";"SATB";;"Piano";"Svenska";"Ternström_Sten";"Humor,Spex";;2;;;40
"Britten_Benjamin";;"A hymn to the Virgin";;"SATB+SATB";;;"Engelska";"Anonym";;;;;;40
"Britten_Benjamin";;"Advanced Democracy";;"SSAATTBB";;;"Engelska";"Swingler_Randall";"Demokrati,Krig,Motstånd,Mänskliga rättigheter";;;;;46
"Britten_Benjamin";;"A shepherd´s carol";;"SATB";"S A T B";;"Engelska";"Auden_W H";"Vinter";;;;;20
"Britten_Benjamin";;"Jubilate Deo";;"SATB";;"Orgel";"Latin";"Bibel";"Lovsång,Allmänt";;;;;39
"Britten_Benjamin";;"Festival Te Deum";;"SATB";"S";"Orgel";"Latin";"Bibel";"Lovsång,Allmänt,Tacksägelse";;;;;43
"Broderip_John";;"As pants the hart for coolingt streams";;"SATB";;;"Engelska";"Bibel";"Nattvard,Allmänt,Stillhet,Nåd,Morgon,Afton";;;;;20
"Bruckner_Anton";;"Tantum ergo Ass-dur";;"SATB";;;"Latin";"Aquino_Thomas av";"Allmänt,Förtröstan,Lovsång,Nåd,Tacksägelse";;;;;21
"Bruckner_Anton";;"Tantum ergo D-dur";;"SSATB";;;"Latin";"Aquino_Thomas av";"Allmänt,Förtröstan,Lovsång,Nåd,Tacksägelse";;;;;21
"Bruckner_Anton";;"Tantum ergo C-dur";;"SATB";;;"Latin";"Aquino_Thomas av";"Allmänt,Förtröstan,Lovsång,Nåd,Tacksägelse";;;;;21
"Bruckner_Anton";;"Christus factus est";;"SAATB";;;"Latin";"Bibel";"Passionstid,Stilla veckan";"Långfredagen";;;;40
"Bruckner_Anton";;"Os justi";;"SSAATTBB";;;"Latin";"Bibel";"Allmänt,Förtröstan,Hopp,Nåd";;;;;40
"Brumel_Antoine";;"Kyrie ur Missa et ecce terrae motus";;"SSAAATTTBBBB";;;"Latin";;"Allmänt";;;"Mässa";;40
"Busto_Javier";;"Sagastipean";;"SSSAAAATTBB";;;"Baskiska";"Mujika_Inazio";"Allmänt,Glädje,Natur,Sorg";;;;;40
"Buxtehude_Dietrich";;"Cantate Domino";;"SSB";;"Continuo";"Latin";"Bibel";"Lovsång,Tacksägelse";;;;;
"Buxtehude_Dietrich";;"Jesus är min hägnad";;"SAB";"S,B";"Violin 1,Violin 2,Violoncell,Continuo";"Latin";"Trad";"Allmänt,Förtröstan,Hopp,Passionstid";"Julnatten,Juldagen,Annandag jul,Sö e Jul";;;;21
"Buxtehude_Dietrich";;"In dulci jubilo";;"SAB";;"Violin 1,Violin 2,Continuo";"Latin";"Trad";"Jul";"Julnatten,Juldagen,Annandag jul,Sö e Jul";;;;21
"Buxtehude_Dietrich";;"Missa brevis";;"SSATB";;;"Latin";;"Allmänt,Mässa";;;"Mässa";;31
"Buxtehude_Dietrich";;"Befiehl dem Engel,das er komm";;"SATB";;"Violin 1,Violin 2,Violoncell";"Svenska,Tyska,Danska";;"Afton,Allmänt,Bön,Förtröstan,Kväll";;;;;42
"Trad";"Byström_Oscar";"O,Helge ande";;"SATB";;;"Svenska";"Birgitta_den heliga";"Ande,Hopp,Bön,Nåd,Förtröstan,Tröst,Pingst";"Pingstdagen";;;;30
"Byrd_William";;"Prisen vår frälsare";;"SSATB";;;"Svenska";;"Uppståndelse";"Kristi Him";;;;38
"Byrd_William";;"Sing joyfully";;"SSAATB";;;"Svenska";"Bibel";"Allmänt,Glädje,Lovsång";;;;;38
"Byrd_William";;"Terra tremuit";;"SSATB";;;"Latin";"Bibel";;;;;;30
"Byrd_William";;"Confirma hoc Deus";;"SSATB";;;"Latin";"Bibel";"Allmänt,Glädje,Lovsång";;;;;30
"Bäck_Sven-Erik";;"Nattvardspsalm";;"SATB";;;"Svenska";"Hartman_Olov";"Nattvard";;;;;11
"Bäck_Sven-Erik";;"Din stund kommer";;"SSAATTBB";;;"Svenska";"Bibel";;"Domssöndagen";;;;2
"Bäck_Sven-Erik";;"Jag är livets bröd";;"SSATTB";;;"Svenska";"Bibel";"Nattvard,Allmänt";"Midf. Sönd";;;;42
"Bäck_Sven-Erik";;"Natten är framskriden";;"SSAATB";;;"Svenska";"Bibel";"Advent";"1 advent";;;;27
"Bäck_Sven-Erik";;"Se vi gå upp till Jerusalem";;"SSATBB";;;"Svenska";"Bibel";"Fastan";"Fastl.,1 i fastan.,2 i fastan.,3 i fastan.";;;;42
"Bäck_Sven-Erik";;"Ty så älskade Gud världen";;"SABB";;"Orgel";"Svenska";"Bibel";;"Fastl.,20 s e Tref.";;;;42
"Carlstedt_Gunnemar";;"Saliga äro de renhjärtade";;"SAB";;;"Svenska";;"All helgona";"Alla helgons d";;;;24
"Calvisius_Seth";;"Av hjärtat haver jag dig kär";;"SATB";;;"Svenska";;"Allmänt,Förtröstan,Glädje,Hopp,Nåd";;;;;23
"Carlstedt_Gunnemar";;"Herre,vem får bo i Din hydda?";;"SAT";;;"Svenska";"Bibel";"Allmänt,Förtröstan,Tvivel";;;;;
"Carlshamre_Reibjörn";;"Du ger oss av himmelens glädje ";;"SATB div";;;"Svenska";"Lövestam_Christina";"Nattvard";"Midf. Sönd";;;;40
"Carlshamre_Reibjörn";;"Allas ögon";;"SSAATBB";;;"Svenska";"Bibel";"Nattvard,Allmänt";"Midf. Sönd";;;;40
"Carlshamre_Reibjörn";;"En nattvardskoral";;"SAATBB";;;"Svenska";"Burman_Atle";"Nattvard,Allmänt";"Midf. Sönd";;;;40
"Carlshamre_Reibjörn";;"Kring detta bord";;"SATB";;;"Svenska";"Jonson_Jonas";"Nattvard,Allmänt";"Midf. Sönd";;;;40
"Cederberg-Orreteg_Anna";;"Benedicamus";;"SAATTBB";;;"Svenska";"Lövestam_Christina";"Allmänt";;;"Mässa";"Ur Mässa i staden";20
"Cederberg-Orreteg_Anna";;"Benedicamus";;"SSAATB";;"Congas,Handklapp,Djembe,Fotstamp";"Svenska";"Bibel";"Allmänt,Lovsång,Glädje";"Tacksägelsed,Midsommardagen";;"Mässa";"Ur Mässa i staden";20
"Carlshamre_Reibjörn";;"Var stilla min själ";;"SATB";;;"Svenska";"Burman_Atle";"Allmänt,Förtröstan,Kväll,Stillhet";"Sö f domsönd,Domssöndagen";;;;40
"Carlshamre_Reibjörn";;"Magnificat";;"SSAATTBB";;;"Latin,Engelska";"Bibel";"Herrens moder";"4 advent,Marie bebåd.";;;;40
"Carlshamre_Reibjörn";;"Nunc dimittis";;"SAATTBB";;;"Engelska";"Bibel";"Förtröstan,Glädje";"Kyndelsmäss";;;;40
"Carlshamre_Reibjörn";;"Hosianna,du Davids son";;"SATB";;"Orgel";"Svenska";"Hellström_Jan Arvid";"Advent";"1 advent,Palmsönd";;;;40
"Cederberg-Orreteg_Anna";;"Ansikte mot ansikte";;"SSAAAATTBB";;;"Svenska";"Tranströmer_Tomas";"Allmänt";;;;;40
"Cederberg-Orreteg_Anna";;"Minnena ser mig";;"SSSAAATTTBBB";;;"Svenska";"Tranströmer_Tomas";"Allmänt";;;;;40
"Cederberg-Orreteg_Anna";;"Namnet Människa";;"SSSAAATTTBBB";"Recitation";;"Svenska";;"Allmänt,Bön,Hopp,Förtröstan,Demokrati,Guds omsorg,Mänskliga rättigheter";;;;;20
"Cederberg-Orreteg_Anna";;"Mässa i staden";;"SSAATTBB";"Röst";"Percussion,Piano,Orgel";"Svenska";"Lövestam_Christina";"Allmänt";;;"Mässa";;20
"Chadwick_George Whitfield";;"Psalm 42";;"SAATTBB";;"Orgel";"Engelska";"Bibel";"Allmänt,Nattvard";;;;;20
"Charpentier_Marc-Antoine";;"Te Deum";;"SATB";"S A T B";"Continuo";"Latin";"Ambrosius";"Lovsång,Tacksägelse,Allmänt";;;;;4
"Chilcott_Bob";;"Irish blessing";;"SATB";;"Orgel,Piano";"Engelska";"Trad";"Allmänt,Bön,Förtröstan";;;;;14
"Clemens non Papa";;"Ave Maria";;"SSATB";;;"Latin";;"Herrens moder,Kristi Himmelsfärd";"4 advent,Marie bebåd.";;;;
"Crüger_Johann";;"Jubla högt,min själ och tunga";;"SATB";;"Violin 1,Violin 2";"Svenska";;"Jul";"Julnatten,Juldagen,Annandag jul";;;;24
"Crüger_Johann";;"I dödens band låg Herren Krist";;"SATB";;"Violin 1,Violin 2";"Svenska";;"Passionstid";"Långfredagen";;;;24
"Crüger_Johann";;"Kläd dig,själ,i högtidskläder";;"SATB";;;"Svenska";;"Allmänt,Begravning,Nattvard";;;;;26
"Crüger_Johann";;"Din godhet rätt att lova";;"SATB";;"Violin 1,Violin 2";"Svenska";;"Allmänt,Fastan,Passionstid,Stilla veckan";"1 i fastan.,2 i fastan.,Askonsd.,Skärtorsd,3 i fastan.,5 i fastan.,Palmsönd";;;;26
"Cornelius_Peter";;"Requiem aeternam";;"SATB";;;"Latin";;"All helgona";"Alla helgons d,Sö e alla helgons d";;;;22
"Dahlberg_Sven";;"Såsom hjorten trängtar";;"SAAATBB";;;"Svenska";"Bibel";"Nattvard,Allmänt";;;;;40
"Dahlgren_Henrik";;"Inter arma caritas";;"SSAATTBB";"S,A";;"Latin";"Bernadotte_Folke";"Fred,Barmhärtighet";;;;;
"Dahlgren_Henrik";;"I start no wars";;"SSAATTBB";"T";;"Engelska";"Angelou_Maya";"Fred,Motstånd";;;;;19
"Darke_Harold";;"In the bleak midwinter";;"SATB";;"Orgel";"Engelska";"Rosetti_Christina";"Jul";"Julnatten,Juldagen";;;;38
"Debussy_Claude";;"Trois chansons";;"SAATTBB";"S A T B";;"Franska";"D´Orleans_Charles";"Allmänt";;2;;;21
"Dijk_va Peter Louis";;"Horizons";;"SATTBB";;;"Engelska";"van Dijk_Peter Louis";"Allmänt";;;;;20
"Distler_Hugo";;"Herren vår Gud är en konung i makt och i ära";;"SATB";;;"Svenska";;"Allmänt,Glädje,Lovsång";"Påskdagen,Tacksägelsed";;;;40
"Dobrogosz_Steve";;"Mass";;"SATB";;"Piano,Stråk";"Latin";;;;2;"Mässa";;32
"Dobrogosz_Steve";;"Rest in peace";;"SAATBB";;;"Engelska";;"Begravning";"Alla helgons d";;;;40
"Dobrogosz_Steve";;"Ps 71";;"SAATB";;;"Svenska";"Bibel";"Allmänt,Lovsång,Förtröstan";"Tacksägelsed,I allmänhet";;;;30
"Dobrogosz_Steve";;"Gloria in excelsis";;"SATB";;"Piano";"Latin";"Bibel";"Jul,Lovsång";"Tacksägelsed,I allmänhet";;;;25
"Dobrogosz_Steve";;"Requiem";;"SATB,SSAATB";;"Stråk,Träblås";"Latin";;"All helgona";"Alla helgons d,Sö e alla helgons d";;;;30
"Dowland_John";;"8 airs for SATB";;"SATB";;;"Engelska";"Dowland_John";;;2;;;14
"Dumont_Henry";;"Cantate Domino";;"SATB";;;"Latin";"Bibel";"Allmänt,Lovsång,Tacksägelse";"I allmänhet";;;;24
"Dumont_Henry";;"Kyrie";;"SAATB";;;"Latin";"Bibel";"Allmänt,Nåd,Mässa";"I allmänhet";;;;47
"Dumont_Henry";;"Agnus Dei";;"SSATB";;;"Latin";"Bibel";"Allmänt,Nåd,Mässa,Nattvard";"I allmänhet";;;;29
"Dumont_Henry";;"Magnificat";;"SAB";;;"Latin";"Bibel";"Herrens moder";"Marie bebåd.,4 advent";;;;34
"Düben_Gustaf";;"Veni Sancte Spiritus";;"SATB";;;"Latin";;"Allmänt,Ande";"Pingstdagen";;;;32
"Duruflé_Maurice";;"Ubi caritas";;"SATTBB";;;"Latin";;"Allmänt";"Fastl.,2 s e Tref,11 s e Tref.,I allmänhet";;;;22
"Duruflé_Maurice";;"Tota pulchra es";;"SSSA";;;"Latin";;"Allmänt,Nattvard";"I allmänhet";;;;23
"Duruflé_Maurice";;"Tu es petrus";;"SATB";;;"Latin";;;;;;;27
"Duruflé_Maurice";;"Tantum ergo";;"SATB";;;"Latin";;"Nattvard";"I allmänhet";;;;24
"Earth_wind and fire";"Wiklander_Per";"September";;"SSATB";;"Kompband";"Engelska";;;;;;;
"Edlund_Lars";;"Fyra nattvardsmotetter";;"SATB,SAB,SSATBB";;;"Svenska";"Bibel";"Allmänt,Nattvard";"I allmänhet";;;;40
"Edlund_Lars";;"Gloria";;"SSSSAAAATTTTBBBB";"T";;"Svenska";;"Allmänt,Lovsång";"I allmänhet";;;;28
"Edlund_Lars";;"Ty människornas högmodiga ögon";;"SATB";;;"Svenska";"Bibel";;"Domssöndagen";;;;25
"Edlund_Lars";;"Heliga Frälsare";;"SATB";;;"Svenska";"Bibel";"Allmänt,Lovsång";"I allmänhet";;;;23
"Edlund_Lars";;"Magnificat";;"SSAATTBBB";;;"Svenska";"Bibel";"Herrens moder";"Marie bebåd.,4 advent";;;;8
"Edlund_Lars";;"Saligprisningarna";;"SATB,Diskantkör";;"Flöjt,Gitarr,Violoncell,Kontrabas";"Svenska";"Bibel";"Allmänt";;;;;36
"Edlund_Lars";;"Ant han dansa med mig";;"SATB";;"Piano";"Svenska";"Knape_Ernst V";;;;;;28
"Edlund_Lars";;"Femton finnar";;"SATB";;"Piano";"Svenska";"Trad";;;;;;28
"Egebjer_Lars";;"Advent";;"SSAATBB";;;"Svenska";"Egebjer_Lars";"Advent";"1 advent,2 advent,3 advent,4 advent";;;;40
"Trad";"Eriksson_Gunnar";"Den blida vår är inne";;"SSATBB";;;"Svenska";;"Vår";"I allmänhet";;;;
"Trad";"Ekedahl_Per";"Ack,ack om det vore dag";;"SSAATTBB";;;"Svenska";"Trad";;;;;;40
"Ekström Koij_Mattias";;"Nu tändas tusen juleljus";;"SATTBB";;;"Svenska";"Köhler_Emmy";"Jul";"Julnatten,Juldagen,Annandag jul";;;;45
"Elgar_Edward";;"Great is the Lord";;"SSAATTBB";"B";"Orgel";"Engelska";"Bibel";"Allmänt,Lovsång,Tacksägelse";"I allmänhet";;;;33
"Elgar_Edward";;"The Shower";;"SATB";"B";;"Engelska";"Vaughan_Henry";"Guds omsorg,Natur,Hopp";;;;;33
"Elgenmark_Olle";;"Hymnus ad Sanctam Trinitatem";;"SATB";;"Orkester";"Svenska";"Evers_Edvard";"Allmänt,Lovsång,Tacksägelse";"I allmänhet,Pingstdagen";;;;
"Emanuelsson_Ulrika";;"Där livetklingar ut";;"SSSAATTBB";;"Marimba,Gran cassa";"Svenska";"Hammarsköld_Dag";"Evigheten,Yttersta tiden";;;;;40
"Emanuelsson_Ulrika";;"Nu tändas en stund på jorden";;"SSSAATTBB";;;"Svenska";"Pourkarim_Laleh";"Jul";;;;;40
"Emanuelsson_Ulrika";;"Min tunga jublar";;"SSSAATTBB";;;"Svenska";"Bibel";;"Pingstdagen";;;;40
"Emanuelsson_Ulrika";;"Rösten ur mörkret sjunger";;"SSSAAATTTBBB";"S";;"Svenska";"Sonnevi_Göran";;;;;;40
"Engquist_Christian";;"It Is so Peaceful here Now";;"SSSSAATTBBBB";;;"Engelska";"Engquist_Christian";"Apokalypsen,Undergång";;;;;41
"Engquist_Christian";;"The Brightest Spring";;"SSSAATTBB";"Röst";;"Engelska";"Engquist_Christian";"Vår";;;;;40
"Ericson_Gustaf Adolf";;"Agnus Dei";;"SSATBB";;;"Latin";;"Nattvard";"I allmänhet";;;;44
"Ericson_Gustaf Adolf";;"Böndagsmotett";;"SAATBB";;;"Svenska";"Olaus Petri";"Bön";"I allmänhet,Reformationsdagen";;;;20
"Ericson_Gustaf Adolf";;"Ps 88";;"SATB";;;"Svenska";"Bibel";"Bön,Förtvivland";;;;;17
"Trad";"Eriksson_Gunnar";"De komma från öst och väst";;"SATB";;;"Svenska";"Dejke_Anders";"Allmänt,All helgona,Evigheten,Förtröstan,Hopp,Nåd";"Alla helgons d,I allmänhet";;;;40
"Trad";"Eriksson_Gunnar";"Kristallen den fina";"O kriste du som ljuset är";"SSATTBBB";;;"Svenska";;"Allmänt";;;;;15
"Trad";"Eriksson_Gunnar";"Till österland vill jag fara";;"SSATBB";;;"Svenska";;;;;;;40
"Eriksson_Jens";;"Adventsljus";;"Barnkör,SATB";;"Piano";"Svenska";"Eriksson_Jens";"Advent,Gemenskap";"1 advent,2 advent,3 advent,4 advent";;;;40
"Bolander_Nils";"Kyhle_Hans";"Längtans fåglar";;"SATB";"Röst";"Piano/orgel";"Svenska";"Bolander_Nils";"Längtan ,Vår";"I allmänhet";;;;24
"Ericson_Gustaf Adolf";;"Böndagsmotett";;"SAATBB";;;"Svenska";"Olaus Petri";"Bön";"I allmänhet,Reformationsdagen";;;;20
"Erlö_Sven-Eric";;"Svensk mässa i folkton ";;"SATB";;"Orgel";"Svenska";;;"I allmänhet";2;"Mässa";;20
"Esenvalds_Eriks";;"Stars";;"SSAATTBB";;"Glas,Singing Bowl";"Engelska";"Teasdale_Sara";"Himlen";;;;;39
"Erlandson_Åke";;"Saligt är det folk";;"SAAB";;;"Svenska";"Bibel";"Glädje";"Kristi förkl";;;"Psaltaren 89:16";15
"Farrant_Richard";;"Hide not thou thy face";;"SATB";;;"Engelska,Svenska";;"Bön";"I allmänhet";;;;27
"Fauré_Gabriel";"Öhrwall_Anders";"Ave Maria";;"SATB";;"Piano/orgel";"Latin";;"Herrens moder";"4 advent,Marie bebåd.";;;;10
"Fauré_Gabriel";;"Cantique de Jean Racine";;"SATB";;"Piano/orgel";"Franska,Svenska";"Racine_Jean";"Allmänt,Barmhärtighet,Förtröstan,Lovsång,Tacksägelse,Nåd";"I allmänhet,20 s e Tref.";;;;80
"Fauré_Gabriel";"Öhrwall_Anders";"Messe Basse";;"SSAATTBB";;"Piano/orgel";"Latin";;"Mässa";"I allmänhet";;"Mässa";;22
"Fjellheim_Frode";"Crocker_Emelie";"Song of the earth";;"SAATB";;"Piano,Puka";"Engelska,Samiska";"Fjellheim_Frode";"Allmänt,Lovsång,Tacksägelse,Natur";"I allmänhet";;;;28
"Flemming_F";;"Saliga de";;"SATB";;;;"Topelius_Zakarias";"Allmänt,Förtröstan,Lovsång,Hopp";"I allmänhet,Alla helgons d,Sö e alla helgons d";;;;20
"Forrest_Dan";;"Lightly stepped a yellow star";;"SSAATTBB";;"Percussion";"Engelska";"Dickinson_Emily";"Himlen";;;;;11
"Forsberg_Roland";;"Smaken och sen";;"SAB";;;"Svenska";"Bibel";"Nattvard";"I allmänhet";;;;25
"Forsberg_Roland";;"Se jag står för dörren och klappar";;"SAB";;;"Svenska";"Bibel";"Nattvard";"I allmänhet,1 advent";;;;25
"Forsberg_Roland";;"Smken och sen";;"SAB";;;"Svenska";"Bibel";"Nattvard";"I allmänhet";;;;25
"Forsberg_Roland";;"Jag är livets bröd";;"SAB";;;"Svenska";"Bibel";"Nattvard";"I allmänhet,Midf. Sönd";;;;25
"Olsson_Otto";"Forsberg_Roland";"Den stora vita här vi se";;"SATB+församling";;;"Svenska";"Brorson_Hans Adolph";"All helgona";"Alla helgons d,Sö e alla helgons d";;;;25
"Regnart_Jacob";"Forsberg_Roland";"Gläd dig,du Kristi brud";;"SATB+församling";"S,Recitation";"Orgel";"Svenska";;"Advent";"1 advent,2 advent,3 advent,4 advent";2;;;25
"Trad";"Forsberg_Roland";"Ingen hinner fram till den eviga tron";"Sång om eldigt bemödande att vinna evig sällhet";"SATB+församling";;"Orgel";"Svenska";"Linderot_Lars";"Allmänt,Kamp,Vaksamhet";"I allmänhet,Domssöndagen,Sö f domsönd";2;;;29
"Foss_Julius";;"To Korsange";;"SATB";;;"Danska";;"Allmänt,Bön";;;;;24
"Franck_Cesar";"Riedlinger_Brian";"Panis angelicus";;"SATB";"Röst";"Orgel";"Latin";"S:t Thomas av Aquino";"Allmänt,Himlen,Nattvard";"Midf. Sönd";;;;20
"Franck_Cesar";;"Panis angelicus";;"SATB";;"Orgel";"Latin,Svenska";"S:t Thomas av Aquino";"Allmänt,Himlen,Nattvard";"Midf. Sönd";;;;20
"Franck_Cesar";;"Ps 150";;"SATB";;"Orgel,Orkester";"Franska,Tyska";"Bibel";"Allmänt,Lovsång";"I allmänhet";;;;40
"Franke_Cecilia";;"Översättarens efterord";;"SSAATTBB";;"Saxofonkvartett";"Svenska";"Magnusson_Lars-Magnus";;;;;;40
"Trad";"Frankmar_Gerhard";"I himmelen,i himmelen";;"SATB";;;"Svenska";;"All helgona";"Alla helgons d";;;;40
"franzén_Bengt";;"Jag ser hans spår";;"SATB";;;"Svenska";"Wallin_J O";"Allmänt,Förtröstan,Hopp";"I allmänhet";;;;20
"Frisk_Sven Inge";;"Hosiannah!";;"SSATBB";;"Brasskvartett";"Svenska";"Fröding_Gustaf";"Advent";"1 advent";;;;40
"Fryklöf_Harald";;"O,Guds Lamm";;"SATB";;;"Svenska";;"Nattvard";"I allmänhet";;;;40
"Fryklöf_Harald";;"lovsång";;"SATB";;;"Svenska";;"Allmänt,Lovsång";"I allmänhet";;;;40
"Gabrieli_Giovanno";;"Plaudite omnis terra";;"SSSAAATTTBBB";;;"Latin";"Bibel";"Allmänt,Advent";"I allmänhet";;;;28
"Gabrieli_Giovanno";;"Hodie Christus natus est";;"SSAAATTBBB";;;"Latin";"Bibel";"Jul";"Julnatten,Juldagen";;;;28
"Gabrieli_Giovanno";;"Benedictus";;"SSSAAATTTBBB";;;"Latin";;"Advent,Mässa";"1 advent,2 advent,3 advent,4 advent,I allmänhet";;;;44
"Gabrieli_Giovanno";;"Drei motetten";;"SSAATTBB";;;"Latin";;"Allmänt";"I allmänhet";;;;40
"Gallus_Jacobus";;"Mirabile Mysterium";;"SATTB";;;"Latin";;"Jul";"Julnatten,Juldagen";;;;40
"Gardiner_H Balfour";;"Evening hymn";;"SSAATTBB";;"Orgel";"Engelska";;"Afton,Bön";"I allmänhet";;;;40
"Trad";"Gardemar_Hans";"Slängpolska efter Byss-Kalle";;"SSAATTBB";;;;;;;;;;40
"Ganestål_Oskar";;"Inom mej";;"SATB";;"Piano";"Svenska,Engelska";"Ganestål_Oskar";"Bön,Förtröstan,Tillit";"18 s e Tref";;;;45
"Gastoldi_J J";;"I dig är fröjden";;"SSATB";;;"Svenska";;"Allmänt,Förtröstan,Glädje,Lovsång,Tacksägelse";"I allmänhet";;;;46
"Garuta_Lucija";;"Musu tevs debesis";;"SATB";;;"Lettiska";"Bibel";"Allmänt,Bön";"I allmänhet";;;;20
"Ganestål_Oskar";;"Inom mej";;"SATB";;"Piano";"Svenska,Engelska";"Ganestål_Oskar";"Bön,Förtröstan,Tillit";"18 s e Tref";;;;45
"Gardner_John";;"Tomorrow shall be my dancing day";;"SATB";;"Piano,Tamburin,Virveltrumma";"Engelska";"Trad";"Jul";;;;;40
"Gibbons_Orlando";;"The silver swan";;"SATBB";;;"Engelska";;"Allmänt";;;;;
"Gibbons_Orlando";;"O du Guds lamm";;"SATB";;;"Svenska";;"Nattvard";"I allmänhet";;;;26
"Gibbons_Orlando";;"Nattvardshymn";;"SATB";;;"Svenska";"Norberg Hagberg_Eva";"Nattvard";"I allmänhet";;;;34
"Gesualdo_Carlo";;"Ecce quomodo";;"SSATTB";;;"Latin";"Bibel";"Fastan,Passionstid";"Långfredagen";;;;20
"Gesualdo_Carlo";;"Tristis est";;"SSATTB";;;"Latin";"Bibel";"Fastan,Passionstid";"Skärtorsd";;;;30
"Gesius_Bartholomeus";;"Ett litet barn är fött idag";;"SATB";;;"Svenska";;"Jul";"Julnatten,Juldagen,Julafton";;;;20
"Gesius_Bartholomeus";;"En jungfru födde ett barn idag";;"SATB";;;"Svenska";;"Jul";"Julnatten,Juldagen,Julafton";;;;20
"Gesius_Bartholomeus";;"O Kriste morgonstjärna";;"SATB";;;"Svenska";;"Morgon";"Trettonded,1 sö e Trett.d.,2 e trettond,3 e trettond,4 e trettond,Kyndelsmäss";;;;20
"Gesius_Bartholomeus";;"Jag höja vill till Gud min sång";;"SATB";;;"Svenska";;"Yttersta tiden";"Sö f domsönd,Domssöndagen";;;;10
"Gesius_Bartholomeus";;"Din godhet rätt att lova";;"SATB";;;"Svenska";;"Förlåtelse,Försoning";"I allmänhet";;;;20
"Gesius_Bartholomeus";;"Din godhet rätt att lova";;"SATB";;;"Svenska";;"Förlåtelse,Försoning";"I allmänhet";;;;20
"Gesius_Bartholomeus";;"O,må vi noga märka";;"SSATB";;;"Svenska";;"Allmänt,Morgon";"I allmänhet";;;;15
"Gjeilo_Ola";;"Northen lights";;"SATB";;;"Latin";"Bibel";"Kärlek";"I allmänhet";;;;25
"Gjeilo_Ola";;"Prelude";;"SAATBB";;;"Latin";;"Herrens moder,Lovsång";"I allmänhet";;;;46
"Gjeilo_Ola";;"The spheres";;"SSAATTBB";;;"Latin";;"Allmänt,Bön";"I allmänhet";;;"Ur Sunrise mass";38
"Gjeilo_Ola";;"The spheres";;"SSAATTBB";;;"Latin";;"Allmänt,Bön";"I allmänhet";;;"Ur Sunrise mass";38
"Gounod_Charles";;"Sicut cervus";;"SATB";;"Piano/orgel";"Latin";"Bibel";"Allmänt";"I allmänhet";;;;24
"Grancino_Michelangelo";;"Agnus Dei";;"SATB";;"Orgel";"Latin";;"Nattvard";"I allmänhet";;;;11
"Grancino_Michelangelo";;"Dulcis Christe";;"SA";;"Orgel";"Latin";;"Allmänt,Tillbedjan,Lovsång";"I allmänhet";;;;11
"Granstam_Bengt";;"Dig Kristi kors vi hälsa";;"SATB";;;"Svenska";;"Allmänt";"I allmänhet";;;;25
"Granstam_Bengt";;"På  allhelgonadagen";;"SATB";;;"Svenska";;"All helgona";"Alla helgons d";;;;25
"Grieg_Edvard";;"Ave maris stella";;"SSAATTBB";;;"Latin";;"Herrens moder";"4 advent,Marie bebåd.";;;;40
"Grieg_Edvard";;"Den stor,hvide flok";;"SATB";"Baryton";;"Norska";;"All helgona";"Alla helgons d";;;;24
"Grieg_Edvard";;"Den stor,hvide flok";;"TTBB";"Baryton";;"Norska";;"All helgona";"Alla helgons d";;;;14
"Grieg_Edvard";;"Guds sön har gjort mig fri";;"SATTBB";"Baryton";;"Norska";"Brorson_Hans Adolph";"Kärlek,Lovsång";"I allmänhet";;;"Ingår i fire salmer";35
"Grieg_Edvard";;"Jesus Kristus er opfaren";;"SATTBB";"Baryton";;"Norska";"Tomissön_Hans";;"Kristi Him";;;"Ingår i fire salmer";35
"Grieg_Edvard";;"I himmelen";;"SATTBB";"Baryton";;"Norska";"Laurentii_Laurentius";"All helgona,Helgonen";"Alla helgons d";;;"Ingår i fire salmer";35
"Grieg_Edvard";;"Hvad est du dog skjön";;"SATTBB";"Baryton";;"Norska";"Brorson_Hans Adolph";"Lovsång";"I allmänhet";;;"Ingår i fire salmer";35
"Grieg_Edvard";"Aamodt_Thorleif";"Ved rondane";;"SAATTBB";;;"Norska";"Vinje_Asmund Olavsson";"Natur";;;;;40
"Grieg_Edvard";;"Pinsesalme";;"SATB";;;"Norska";"Ibsen_Henrik";"Pingst";"Pingstdagen";;;"Text från Peer Gynt";15
"Grieg_Edvard";"Nielsen_Emil";"Våren";;"SAATTBB";;;"Norska";"Vinje_Asmund Olavsson";"Vår";;;;;16
"Guerrero_Francisco";;"Ave virgo sanctissima";;"SSATB";;;"Latin";;"Herrens moder";"4 advent,Marie bebåd.";;;;40
"Gruber_Franz";"Ek_Lars";"Stlla natt";;"SAATB";"Röst";;"Svenska";"Mohr_Joseph";"Jul";"Julnatten,Juldagen";;;;40
"Gruber_Franz";"Miessner_Hanns";"Den heliga natten";"Stilla natt";"SSA,TTBB,SSAATB";;;"Svenska";;"Jul";"Julnatten,Juldagen";;;;4
"Gullin_Gabriella";;"Ave Maria";;"SATB";;"Orgel";"Latin";;"Herrens moder";"4 advent,Marie bebåd.";;;;40
"Gullin_Gabriella";;"Gläns över sjö och strand";;"SAATB";;;"Svenska";"Rydberg_Viktor";"Jul";"Trettonded";;;;45
"Gullin_Lars";"Eriksson_Gunnar";"Bossa på tå(b)";;"SSATTBB";;;"Svenska";"Bibel";"Allmänt,Kärlek";;;;"Kan kombineras med Nocturne av E Taube";42
"Gullin_Lars";"Eriksson_Gunnar";"Dyningar";;"SSATTBB";;"Piano";"Svenska";"Bibel";"Allmänt,Kärlek,Morgon,Natur";"I allmänhet";;;;42
"Gustaf_Prins";"Wikander_David";"Vårsång";"Glad såsom fågeln";"SATB";;;"Svenska";"Gustaf_Prins";"Vår";;;;;
"Gärdestad_Ted";"Rilton och Björklund";"Eiffeltornet";;"SATB";"Röst";"Kompband";"Svenska";"Gärdestad_Kenneth";"Kärlek";;;;;40
"Gärdestad_Ted";"Wikander_Per";"Himlen är oskyldigt blå";;"SATB";"Röst";"Kompband";"Svenska";"Gärdestad_Kenneth";"Himlen,Kärlek";;;;;40
"Trad";"Göransson _Harald";"Så kort var den fröjd som i världen jag fann";;"SATB";"Röst";"Orgel";"Svenska";"Norberg Hagberg_Eva";"Förtröstan,Glädje,Lovsång,Guds omsorg,Nåd,Allmänt";"I allmänhet";;;;33
"Trad";"Hahn_Gunnar";"Gladelig sjunge vi";;"SATTBB";"S,Baryton,B";"Orkester";"Svenska";"Trad";"Jul";"Julnatten,Juldagen";2;;;36
"Hahn_Gunnar";;"Rondo lapponico";;"SSATBB";;;"Svenska,Samiska";;"Natur";;;;;36
"Trad";"Hahn_Gunnar";"Välkommen,o Jesu";"Gammal julvisa från Månsta,Älvdalen";"SATB";;"Orgel";"Svenska";"Trad";"Jul";"Julnatten,Juldagen";;;;15
"Sahlberg_Dan-Erik";"Hall_Jan Inge";"Må Gud vara med dig";;"SATB";;"Piano/orgel";"Svenska";"Sahlberg_Dan-Erik";"Allmänt,Bön,Fred,Nattvard";"Fastl.,Bönsönd,2 s e Tref,11 s e Tref.,17 e tref,19 sö e Tref.";;;;20
"Hagvil_Sven";;"Missa ""Via Interna""";;"SSAATTBB";;;"Latin";;"Mässa";;2;"Mässa";;20
"Hagvil_Sven";;"Dagen stiger";;"SSAATTBB";;;"Svenska";"Martinson_Harry";"Allmänt";;;;;20
"Hagvil_Sven";;"Svalkande förmåner";;"SSAATTB";;;"Svenska";"Martinson_Harry";"Allmänt";;;;;20
"Hagvil_Sven";;"innan nuet brister";;"SATB";;;"Svenska";"Martinson_Harry";"Allmänt";;;;;20
"Hagvil_Sven";;"Ett nytt språk måste komma";;"SSAATTBB";;;"Svenska";"Martinson_Harry";"Allmänt";;;;;20
"Hagvil_Sven";;"Rast";;"SSAATTBB";;;"Svenska";"Martinson_Harry";"Allmänt";;;;;20
"Hallnäs_Hilding";;"Benedictus";;"SATB";;;"Latin";;"Advent,Mässa";"1 advent";;;;55
"Hallnäs_Hilding";;"Som sol om våren stiger";;"SATB";;;"Svenska";;"Pingst,Vår";"1 advent";;;;31
"Hammerschmidt_Andreas";;"Lyften,I portar,högt Edra huvud!";;"SSATBB";;;"Svenska";"Bibel";"Advent";"1 advent";;;;19
"Hansén_Nisse";"Junstrand_Martin";"Med ögon känsliga för grönt";;"SAATTBB";;"Piano";"Svenska";"Hörberg_Barbro";"Kärlek,Vår";;;;;40
"Hansson_Bo";;"Lighten mine eyes";;"SSAATTBB";;;"Engelska";"Bibel";"Allmänt,Bön";"I allmänhet,Bönsönd";;;;39
"Johansson_Leif";"Hansson_Bo";"Vi är Kristi kropp";;"SAATTBB";;;"Svenska";"Melin_Margareta";"Allmänt,Nattvard";"Sö e Nyår,Apostladagen,14 s e Tref.";;;;20
"Johansson_Leif";"Hansson_Bo";"En källa till liv";;"SATB";"Röst";;"Svenska";"Melin_Margareta";"Allmänt,Nattvard";"Trettonded,2 e trettond,Midf. Sönd,Pingstdagen,Annandag pingst,1 sö e Tref.";;;;20
"Leijon_Jerker";"Hansson_Bo";"En källa till liv";;"SAATTBB";"Röst";;"Svenska";"Melin_Margareta";"Allmänt";"Kristi Him,Pingstdagen,Apostladagen,6 s e Tref.,Kristi förkl,9 s e Tref.,Annandag jul,17 e tref,Marie bebåd.,Alla helgons d";;;;20
"Hambreaus_Bengt";;"Preludium Kyrie och Sanctus";;"SATB+SATB";;"Orgel";"Latin";;"Allmänt,Mässa";"I allmänhet";2;"Mässa";;24
"Hambreaus_Bengt";;"Motetum Archangele Michaelis";;"SSSSAAAATB";;"Orgel";"Latin";"Bibel";"Änglar";"Mikaels d";;;;38
"Hammarström_Hugo";;"Miserere";;"SATB";;;"Latin";;"Allmänt,Bön,Förtvivland,Passionstid";"I allmänhet,Långfredagen";;;;2
"Hammarström_Hugo";;"Saliga äro de människor";;"SATB";;;"Svenska";"Bibel";;"I allmänhet";;;;20
"Hammarström_Hugo";;"De skola icke mer hungra";;"SATB";;;"Svenska";"Bibel";"All helgona";"Alla helgons d";;;;20
"Hammarström_Hugo";;"Se jag står för dörren och klappar";;"SATB";;;"Svenska";"Bibel";"Advent";"1 advent";;;;20
"Hammarström_Hugo";;"Så älskade Gud världen";;"SATB";;;"Svenska";"Bibel";"Fastan";"5 i fastan.";;;;20
"Hammarström_Hugo";"Berg_Bengt";"Adventshymn";;"SATB";;"Orgel,Flöjt";"Svenska";"Bibel";"Advent";"1 advent";;;;2
"Handl_Jakob";;"Motette Pater noster";;"SSAATTBB";;;"Latin";"Bibel";"Bön,Allmänt";"I allmänhet";;;"Tonsättaren även kallad Jakob Gallus";31
"Hassler_Hans Leo";;"Agnus Dei";;"SATB";;;"Latin";;"Nattvard,Fastan,Mässa";"I allmänhet";;;;29
"Hassler_Hans Leo";;"O värld begråt din synd och se";;"SATB";;;"Svenska";;"Passionstid";"Långfredagen";;;;28
"Trad";"Haywood_Carl";"Didn´t my Lord deliver Daniel";;"SSAATTBB";;;"Engelska";"Trad";"Allmänt";"I allmänhet";;;;40
"Hazelius_Esbjörn";"Eriksson_Jens";"Lucia";;"SAATTBBB";"Röst";;"Svenska";"Karlfeldt_Erik-Axel";"Lucia";;;;;41
"Helldén_Daniel";;"Gråt inte mer Maria";;"SAATTB";;;;"Eggehorn_Ylva";"Påsk";"Påskdagen";;;;26
"Hemberg_Eskil";;"Paradis";;"SSAATTB";"T,Recitation";"Orgel";"Svenska";"Bolander_Nils";"Passionstid";"Långfredagen";;;;35
"Hemberg_Eskil";;"Signposts";"In memoriam Dag Hammarskjöld";"SSAATTBB";;;"Svenska";"Hammarsköld_Dag";"Allmänt";"23 e tref";;;;25
"Hillborg_Anders";;"En midsommarnattsdröm";;"SSAATTTTBBBB";;;"Svenska";"Lindström_Rune";"Sommar";;;;;40
"Trad";"Holgersson_Christoffer";"Vilken är denna ljuva väldoft";;"SSAATTTBB";"S";;"Svenska,Franska";;"Jul";"Julnatten,Juldagen";;;;20
"Holm Foosnæs_Eva";;"Vé no velkomne med æra";;"SATB";;;;"Holm Foosnæs_Eva";"Allmänt,Fred,Procession";"I allmänhet";;;;40
"Homilius_Gottfried August";;"Deo dicamus gratias";;"SSATTB";;;"Latin";;"Allmänt,Lovsång,Tacksägelse";"I allmänhet,Tacksägelsed";;;;39
"Homilius_Gottfried August";;"Domine! Ad adjuvandum";"deo dicamus gratias!";"SSATBB";;;"Latin,Svenska,Tyska";;"Allmänt,Lovsång,Tacksägelse";"I allmänhet,Tacksägelsed";;;;69
"Howells_Herbert";;"Like as the hart desireth the waterbrooks";;"SATBB";;"Orgel";"Engelska";"Bibel";"Allmänt";"I allmänhet";;;;53
"Hovland_Egil";;"Aftonbön";;"SATBB";;;;"Boye_Karin";"Afton,Bön";"I allmänhet";;;;40
"Hovland_Egil";;"En okänd värld";;"SATB";;;"Svenska";"Hallqvist_Britt-G";"All helgona,Himlen,Helgonen,Tröst";"Alla helgons d";;;;40
"Hovland_Egil";;"How long,o Lord";;"SSAATTBB";;;;"Bibel";"Allmänt,Förtvivland,Prövning,Tillbedjan,Lovsång";"Bönsönd";;;;34
"Hovland_Egil";;"Jubilate";;"SATB";"Röst";"Orgel";"Latin,Norska";"Bibel";"Allmänt,Lovsång";"I allmänhet,3 i påsktiden";;;;30
"Hovland_Egil";;"Kyrkans eviga lovsång";;"SATB,SA";"Röst";"Orgel,Rörklocka,Bastuba";"Latin,Norska";"Bibel";"Allmänt,Lovsång";"I allmänhet";;;"3-körigt Kör 1-49 ex Kör 2-3: 2 ex 2 st partitur";49
"Hovland_Egil";;"Bereden väg";;"SATB";;"Brasskvartett,Orgel";"Svenska";"Bibel";"Advent";"1 advent";;;;4
"Hovland_Egil";;"Bereden väg";;"SATB";;"Brasskvartett,Orgel";"Svenska";"Bibel";"Advent";"1 advent";;;;4
"Hudson_Mary";;"Epitaph on Henry Purcell";;"SSATB";;;"Engelska";;;;;;;40
"Hurford_Peter";;"Prövningens stund";;"SATB";;"Piano/orgel";"Svenska";"Thorsell Alm_Anna-Stina";"Fastan";"1 i fastan.";;;;20
"Håkansson_Knut";;"Brusala";;"SAATTBB";;;"Svenska";"Karlfeldt_Erik-Axel";"Årstider";;;;;35
"Håkansson_Knut";;"Gamla psalmer från Dalarna";"1 Ack Herre Jesu hör min rös. 2 Kom Helge Ande till mig in";"SATB";;;"Svenska";;"Allmänt,Ande,Lovsång,Natur";"I allmänhet,Pingstdagen";;;;47
"Häggbom_Berndt";;"Jubilate Deo";;"SATB,SSA";;;"Latin";"Bibel";"Allmänt,Lovsång,Procession";"I allmänhet,19 sö e Tref.,4 i påsktiden";;;;13
"Händel_Georg Friedrich";;"Dotter Sion";;"SSA,SATB";;;"Svenska";;"Advent";"1 advent,2 advent,3 advent,4 advent";;;;40
"Händel_Georg Friedrich";"Öhrwall_Anders";"Låt mit hjärta finna ro";;"SAB";;"Orgel";"Svenska";"Hellström_Jan Arvid";"Allmänt,Nåd,Förtröstan";"I allmänhet";;;;5
"Händel_Georg Friedrich";"Öhrwall_Anders";"Dagen är nära";;"SATB";;"Orgel";"Svenska";"Hellström_Jan Arvid";"Allmänt,Nåd,Förtröstan,Morgon";"I allmänhet";;;"Ingår i häftet Två sånger. Stråkstämmor finns";15
"Händel_Georg Friedrich";"Öhrwall_Anders";"Ljuset skimrar";;"SATB";;"Orgel";"Svenska";"Hellström_Jan Arvid";"Allmänt,Nåd,Förtröstan,Morgon,Årstider";"I allmänhet";;;"Ingår i häftet Två sånger. Stråkstämmor finns";15
"Händel_Georg Friedrich";"Öhrwall_Anders";"Du leder mig";;"SATB";;"Orgel";"Svenska";"Hellström_Jan Arvid";"Allmänt,Efterföljelse,Förtröstan,Lovsång";"I allmänhet";;;"Ingår i häftet Tre andliga visor";15
"Händel_Georg Friedrich";"Öhrwall_Anders";"Du hör hans röst";;"SATB";;"Orgel";"Svenska";"Hellström_Jan Arvid";"Allmänt,Nattvard";"I allmänhet";;;"Ingår i häftet Tre andliga visor";15
"Händel_Georg Friedrich";"Öhrwall_Anders";"Han lever";;"SATB";;"Orgel";"Svenska";"Hellström_Jan Arvid";"Allmänt,Påsk";"I allmänhet,Påsknatten,Påskdagen";;;"Ingår i häftet Tre andliga visor";15
"Händel_Georg Friedrich";"Öhrwall_Anders";"Vi prisar din storhet";;"SATB";"S";"Orgel";"Svenska";"Hellström_Jan Arvid";"Allmänt,Lovsång";"I allmänhet";;;;28
"Händel_Georg Friedrich";"Öhrwall_Anders";"Ära åt Gud";;"SSAATBB";;"Orgel";"Svenska";"Hellström_Jan Arvid";"Allmänt,Lovsång,Frälsning,Bön";"I allmänhet";;;;10
"Jackman_Percy";;"Like as the hart";;"SATB";;;"Engelska";"Bibel";"Allmänt,Nattvard";"I allmänhet";;;;40
"Janequin_Clement";;"Le chant des oysea";;"SATB";;;"Franska";;"Natur,Fåglar";;;;;40
"Jenkins_Karl";;"God shall wipe away all tears";;"SSAATBB";;;"Engelska";"Bibel";"All helgona";"Alla helgons d";;;;40
"Jenkins_Karl";;"Exsultate jubilate";;"SSATBB";;;"Latin";"Bibel";"Allmänt,Lovsång";"I allmänhet";;;;40
"Jenkins_Karl";;"Exsultate jubilate";;"SSATBB";;;"Latin";"Bibel";"Allmänt,Lovsång";"I allmänhet";;;;60
"Trad";"Isaac_Heinrich";"Nu vilar hela jorden";;"SATB";;;"Svenska";;"Afton,Allmänt";"I allmänhet";;;;41
;"Hålling_Mats";"Stockholmsmedley";;"SSAATBB";;;"Svenska";;"Stockholm";;;;;40
"Jennefelt_Thomas";;"Hosianna";;"SSAATTBB";;"Orgel";"Svenska";"Bibel";"Advent";"1 advent";;;;8
"Jennefelt_Thomas";;"Bön";;"SATB";;;"Svenska";"Hildebrand_Karl-Gustaf";"Allmänt,Bön,Förtröstan,Kärlek";"I allmänhet,Bönsönd";;;;24
"Jennefelt_Thomas";;"Dagar skall komma";;"SATB";;"Orgel";"Svenska";"Bibel";"Passionstid";"Skärtorsd";;;;30
"Jennefelt_Thomas";;"Ditt liv är inte ditt";;"SATB+SATB";;;"Svenska";"Setterlind_Bo";"Allmänt,Livet";"I allmänhet";;;"Tillägnat Hans Kyhle på hans 60-årsdag";20
"Jennefelt_Thomas";;"Two anthems";;"SSSSAAAATTTTBBBB";;;"Latin";;"Allmänt";"I allmänhet";;;;20
"Jennefelt_Thomas";;"O domine";;"SSAATTBB";"S A T B";;"Latin";;"Allmänt,Bön,All helgona";"Alla helgons d";;;;20
"Jersild_Jörgen";;"Min yndlingsdal";;"SSAATBB";;;"Danska";"Blicher_Steen Steensen";"Längtan ,Vemod";;;;;40
"Johansson_Bengt";;"Lovsång";;"SSSATTB";;;"Svenska";"Bibel";"Allmänt,Lovsång";"I allmänhet";;;;23
"Johansson_Bengt";;"Pater noster";;"SSA div";;;"Latin";"Bibel";"Bön,Allmänt";"I allmänhet,23 e tref";;;;23
"Johansson_Olle";;"Agnus Dei";;"SSSAATTBBB";;;"Latin";"Bibel";"Nattvard";"I allmänhet";;;;40
"Johansson_Olle";;"Allmän kyrkobön på 3:e söndagen i fastan";;"SSATB";"Liturg";;"Svenska";"Ulfvarson_Barbro";"Fastan";"3 i fastan.";;;;40
"Johansson_Olle";;"Kollektbön";;"SSAATTBB";;;"Svenska";"Forkman_Göran";"Fastan";"3 i fastan.";;;;40
"Johansson_Olle";;"Din förlossning nalkas snart";;"SSAATTBB";;;"Svenska";"Bolander_Nils";"Advent";"1 advent,2 advent,3 advent,4 advent";;;;40
"Johansson_Olle";;"Ps 84:2-5";;"SSAATTBB";;;"Svenska";"Bibel";"Allmänt,Glädje,Längtan ";"Sö e Nyår,I allmänhet";;;;40
"Johansson_Olle";;"Är inte mitt ord som en eld";;"SSATBB";;"Orgel";"Svenska";"Bibel";;"Sexag.";;;;40
"Johansson_Olle";;"Gläd dig du Kristi brud";;"SSAT+SSATB+ATBB";"S,Baryton";;"Svenska";"Trad";"Advent";"1 advent,2 advent,3 advent,4 advent";;;"Version för tre körer";40
"Johansson_Olle";;"Gläd dig du Kristi brud";;"SSAATB";"S,Baryton";;"Svenska";"Trad";"Advent";"1 advent,2 advent,3 advent,4 advent";;;"Version för en kör";40
"Johansson_Olle";;"Gud,Du helar oss från nöden";;"SATBB";;;"Svenska";"Logård_Mona";"Ande,Allmänt,Förtröstan,Hopp";"13 s e Tref.,21 s e Tref";;;;40
"Johansson_Olle";;"I en ensam stund";;"SSAATTBB";"S";;"Svenska";"Renvall_Viola";"Bön,Förtvivland";"I allmänhet";;;;40
"Törnvall_Emil";"Johansson_Olle";"I tro under himmelens skyar";;"SATBB";;;"Svenska";"Widmark_Göran";"Bättring,Omvändelse";"I allmänhet";;;;40
"Trad";"Johansson_Olle";"In dulci jubilo";;"SSAATBB,SATB+SATB";;;"Svenska,Latin";"Trad";"Jul";"Julnatten,Juldagen";;;;40
"Johansson_Olle";;"Kyrie";;"SSAATTBB";;"Orgel";"Svenska";"Ulfvarson_Barbro";"Allmänt";"I allmänhet";;;"Version för en kör";40
"Johansson_Olle";;"Nattvardspsalm";;"SATB";;;"Svenska";"Logård_Mona";"Nattvard";"I allmänhet";;;;40
"Johansson_Olle";;"Slutpsalm";;"SATB";;;"Svenska";"Logård_Mona";"Ande,Förtröstan,Allmänt";"I allmänhet";;;;40
"Köhler_Emmy";"Johansson_Olle";"Nu tändas tusen juleljus";;"Barnkör,SATB,SA";"Röst";"Brasskvintett";"Svenska";"Köhler_Emmy";"Jul";"Julnatten,Juldagen";;;;40
"Trad";"Johansson_Olle";"När juldagsmorgon glimmar";;"SSAATTBB";"Röst";;"Svenska";"Trad";"Jul";"Juldagen";;;;40
"Trad";"Johansson_Olle";"O du saliga";;"SSAATB";;;"Svenska";"Trad";"Jul";"Juldagen";;;;40
"Trad";"Johansson_Olle";"O du som himlens stjärnor tänt";;"SSAATB";"Röst";;"Svenska";"Trad";"Jul,Advent,Allmänt";"4 advent,Marie bebåd.,I allmänhet";;;;40
"Trad";"Johansson_Olle";"O Kriste,du som ljuset är";;"SATB";;;"Svenska";"Trad";"Afton,Kväll,Allmänt,Förtröstan";"I allmänhet";;;;40
"Trad";"Johansson_Olle";"Tryggare kan ingen vara";;"SATB";;;"Svenska";"Sandell_Lina";"Allmänt,Dop,Förtröstan";"I allmänhet";;;;40
"Gastoldi_Giovanni Giacomo";"Johansson_Olle";"Stor är nu fröjden";;"SSAATTBB";;;"Svenska";"Trad";"Jul";"Julnatten,Juldagen,Sö e Jul";;;;40
"Johansson_Olle";;"Under dessa valv";;"SATB";;;"Svenska";"Bolander_Nils";"Allmänt,Förtröstan";"I allmänhet";;;"I häftet Tre psalmer";40
"Johansson_Olle";;"Nattvardspsalm";;"SATB";;;"Svenska";"Logård_Mona";"Nattvard";"I allmänhet";;;"I häftet Tre psalmer";40
"Johansson_Olle";;"Slutpsalm";;"SATB";;;"Svenska";"Logård_Mona";"Allmänt,Ande,Förtröstan";"I allmänhet";;;"I häftet Tre psalmer";40
"Johanson_Sven-Eric";;"Fancies I";;"SATB";;"Piano";"Engelska";"Shakespeare_William";;;;;;40
"Johanson_Sven-Eric";;"Magnificat";;"SATB";;;"Engelska,Svenska";"Bibel";"Jungfru Maria,Herrens moder";"4 advent,Marie bebåd.";;;;60
"Johanson_Sven-Eric";;"Som sådden förnimmer Guds välbehag";;"SATB";;;"Svenska";"Nyström_Bengt E";"Allmänt,Förtröstan,Bön,Begravning";"I allmänhet";;;;50
"Johanson_Sven-Eric";;"Mitt liv rinner bort";;"SATB";;;"Svenska";"Nyström_Bengt E";"Förtvivland,Guds omsorg";"I allmänhet";;;;20
"Johanson_Sven-Eric";;"O huru ljuvli är din boning";;"SATB";;;"Svenska";"Spegel_Haquin";"Allmänt";"Kyndelsmäss,I allmänhet";;;;19
"Johanson_Sven-Eric";;"Snabbt jagar stormen våra år";;"SSAATTBB";;;"Svenska";"Karlfeldt_Erik-Axel";"Allmänt,Förtröstan,Nyår";"Nyårsbön,I allmänhet";;;;40
"Johanson_Sven-Eric";;"Var stilla min själ";;"SATB";;;"Svenska";"Burman_Atle";"All helgona,Yttersta tiden";"Sö f domsönd,Domssöndagen,Alla helgons d,Sö e alla helgons d";;;;40
"Johanson_Sven-Eric";;"O låt oss Guds kärlek bevisa";;"SAB";;;"Svenska";"Burman_Atle";"Allmänt,Guds omsorg,Kärlek";"I allmänhet";;;;40
"Johanson_Sven-Eric";;"O,Jesus,du som vägen är";;"SATB";;;"Svenska";"Burman_Atle";"Allmänt,Hopp";"I allmänhet,Kyndelsmäss";;;;40
"Johanson_Sven-Eric";;"Åtta visor";;"SATB";;;"Svenska";"Mallander_Inez";;;;;;30
"Jones_Howard";;"Sing aloud";;"SATB";;"Orgel";"Engelska";"Bibel";"Allmänt,Glädje,Lovsång";"I allmänhet";;;;7
"Josquin des pres";;"Missa pange ligua";;"SATB";;;"Latin";;"Allmänt";"I allmänhet";2;"Mässa";;7
"Junstrand_Martin";;"De blomster som i marken bor";;"SSATB";;;"Svenska";"Martinson_Harry";"Sommar";"I allmänhet";;;;40
"Jönsson_Tomas";;"Ave Maris Stella";;"SATB";;;"Svenska";;"Jungfru Maria,Herrens moder";"Marie bebåd.";;;;40
"Karkoff_Maurice";;"Four sacred songs";;"SATB";;;"Engelska";"Bibel";"Allmänt,Skapelsen,Lovsång";"I allmänhet";;;;10
"Karkoff_Maurice";;"Four sacred songs";;"SATB";;;"Engelska";"Bibel";"Allmänt,Skapelsen,Lovsång";"I allmänhet";;;;10
"Karlén_Robert";;"Dominus Illuminatio mea";;"SATB";;;"Latin";"Bibel";"Allmänt,Förtröstan,Guds omsorg,Hopp";"I allmänhet";;;;26
"Karlén_Robert";;"Dialogue";;"SAATBB+SAATTBB";;"Ljudband";"Engelska";"Bibel";"Allmänt";"I allmänhet";;;;26
"Karlén_Robert";;"Psalm 27";;"SSATB";;"Flöjt,Percussion";"Latin";"Bibel";"Allmänt";"I allmänhet";;;;50
"Katzenjammer";"Dahlgren_Henrik";"God´s Great Dust Storm";;"SAATTBB";;"Tamburin,Bastrumma";"Engelska";"Katzenjammer";;;;;;40
"Klockar_Anna-Karin";;"Lycklig den";;"SATB";"Röst";"Piano";"Svenska";"Lenngren_Anna Maria";"Bön,Begravning,Tillit,Allmänt,Förtröstan";"I allmänhet,16 sö e Tref.";;;;45
"Klockar_Anna-Karin";;"Aftonbön";;"SATB";;"Piano/orgel";"Svenska";"Boye_Karin";"Bön,Kväll,Överlåtelse,Förlåtelse,Förtröstan,Närhet";"Bönsönd";;;;40
"Klockar_Anna-Karin";;"Bön om vintern";;"SATB";;"Piano";"Svenska";"Löwenhjelm_Harriet";"Advent,Jul,Vinter";"1 advent,2 advent,3 advent,4 advent,Julnatten,Juldagen";;;;19
"Kodály_Zolàn";;"Pange Lingua";;"SATB";;"Orgel";"Latin";"Thomaas av Aquino";"Passionstid,Nattvard";"Skärtorsd";;;;21
"Kraus_Joseph Martin";;"Miserere nostri";;"SATB";;"Orkester";"Latin";;"Bön,Förtröstan,Förtvivland,Allmänt";"Skärtorsd,Palmsönd";;;;35
"Kring_Katie";;"The Snow is Deep on the Ground";;"SSAATTBB";;;"Engelska";"Patchen_Kenneth";"Vinter,Förtröstan";"I allmänhet";;;;40
"Krebs_Johann Nicolaus";;"Skapa i mig Gud";;"SAB";;;"Svenska";;"Allmänt,Bön";;;;;5
"Trad";"Koch_Johannes H E";"Gud vare lovad";;"SATB";;;"Svenska";"Luther_Martin";"Allmänt,Bön,Förtröstan,Lovsång";"I allmänhet";;;;27
"Kuhlander_Jan Olof";;"Kom låt oss höja glädjerop";;"SATB div";;"Piano,Kontrabas";"Svenska";"Bibel";"Allmänt";"14 s e Tref.,I allmänhet";;;;15
"Kullnes_Åke";;"Saliga äro de";;"SATB";;;"Svenska";"Bibel";"All helgona";"Alla helgons d";;;;3
"Kvernå_Trond";;"Ave Maris Stella";;"SSAATTBBB";;;"Latin";;"Jungfru Maria,Herrens moder";"4 advent,Marie bebåd.";;;;40
"Kvernå_Trond";;"Glada vi vårt halleluja sjunga";;"SATB";;"Trumpet,Orgel";"Svenska";"Hellström_Jan Arvid";"Allmänt,Glädje,Lovsång,Tacksägelse";"I allmänhet";;;;26
"Kvernå_Trond";;"Missa orbis factor";;"SATTBB";;"Orkester,Församling,Liturg";"Svenska";;"Allmänt,Mässa";"I allmänhet";;"Mässa";;95
"Trad";"Johansson_Olle";"Diskantstämma-Bereden väg";;"S";;;"Svenska";"Franzén_Frans Michael";"Advent";"1 advent,2 advent,3 advent,4 advent";;;;40
"Händel_Georg Friedrich";"Kyhle_Hans";"Dotter Sion";;"SSA,SATB,S";;"Brasskvintett,Orgel";"Svenska";;"Advent";"1 advent,2 advent,3 advent,4 advent";;;;40
"Ahlberg_David";"Kyhle_Hans";"Det susar genom livets strid";;"Diskantstämma";"Röst";;"Svenska";"Boberg_Carl";"Advent";"1 advent,2 advent,3 advent,4 advent";;;;40
"Trad";"Kyhle_Hans";"Den signade dag";;"SATB";;;"Svenska";;"Allmänt,Morgon";;;;;40
"Trad";"Kyhle_Hans";"Gud är här tillstädes";;"SSATB";;"Orgel";"Svenska";;"Allmänt,Lovsång,Tacksägelse";;;;;40
"McGranaham_James";"Kyhle_Hans";"Gå,Sion din konung att möta";;"SATB,SA";;"Orgel";"Svenska";"Nyström _Erik";"Advent";"1 advent,2 advent,3 advent,4 advent";;;;40
"Kyhle_Hans";;"Soli Deo Gloria";"Psalm för körsångare";"SATB div";;;"Svenska";"Larsson_Rolf";"Allmänt,Lovsång";;;;;26
"Kyhle_Hans";;"Herren är min herde";;"Barnkör,SSAATTBB";;"Orgel";"Svenska";"Bibel";"Allmänt,Tacksamhet,Morgon,Kväll";"3 i påsktiden,I allmänhet";;;;40
"Trad";"Kyhle_Hans";"Himmelriket liknas vid tio jungfrur";"Andlig visa från Mockfjärd";"SATB";;;"Svenska";"Trad";"Himlen,Yttersta tiden";"Sö f domsönd";;;;40
"Lindberg_Oskar";"Kyhle_Hans";"Frälsare,du som äger läkedomen";;"SATB";;;"Svenska";"Hallqvist_Britt-G";"Allmänt,Tro";"Sö f domsönd,I allmänhet";;;;40
"Kyhle_Anders";"Kyhle_Hans";"Processionssång";;"SATB";;;"Svenska";;"Allmänt,Procession";"I allmänhet";;;;40
"Trad";;"Sorgen och glädjen";;"SATB";;;"Svenska";"Trad";"Allmänt,Begravning,Förtröstan";"Alla helgons d,Sö e alla helgons d";;;;40
"Brachel_Peter von";;"O Jesu,Guds Son i Betlehems stall";;"SATB";;;"Svenska";"Trad";"Jul";"Julnatten,Juldagen";;;;40
"Kyhle_Hans";;"Edra hjärtan vare icke oroliga";;"SATB";;;"Svenska";"Bibel";"Allmänt,Påsk,Tro";"3 i påsktiden,I allmänhet";;;;40
"Lindberg_Oskar";"Kyhle_Hans";"Tänk,när en gång";;"SAATBB";;;"Svenska";"Frostensson_Anders";"Allmänt,Förtröstan,Nåd";"I allmänhet,Alla helgons d";;;;1
"Köhler_Emmy";"Öhrwall_Anders";"Nu tändas tusen juleljus";;"SATTBB";;"Orgel";"Svenska";"Köhler_Emmy";"Jul";"Julnatten,Juldagen";;;;40
"La Cour_Nils";;"Hodie Christus natus est";;"SATB";;;"Latin";;"Jul";"Julnatten,Juldagen";;;;40
"Lang_David";;"again";;"SSAATB";;;"Engelska";"Lang_David";"Allmänt";"I allmänhet";;;;40
"Langlais_Jean";;"Festival Alleluia";;"SSAATTBB";;;"Latin";;"Allmänt,Lovsång";"I allmänhet";;;;21
"Lange-Müller_Peter Erasmus";;"Ave Maris Stella";;"SSATB";;;"Danska";;"Herrens moder,Jungfru Maria";"4 advent,Marie bebåd.";;;;40
"Lange-Müller_Peter Erasmus";;"Madonna over Bølgerne";;"SSAATTBB";;;"Danska";;"Herrens moder,Jungfru Maria";"4 advent,Marie bebåd.";;;;40
"Lange-Müller_Peter Erasmus";;"Salve Regina";;"SSAATTBB";;;"Danska";;"Herrens moder,Jungfru Maria";"4 advent,Marie bebåd.";;;;40
"Larsson_Lars-Erik";;"Ingen fågel flyger för högt";;"SATB";;;"Svenska";"Blake_William";"Allmänt";;;;;40
"Larsson_Lars-Erik";;"Intrada solemnis";;"SAATBB+SAATTBB,Barnkör";;"Blåsare,Orgel";"Latin";;"Allmänt";"I allmänhet";;;"Blåsarstämmor och orgelstämma saknas. Ev också Barnkörstämma";40
"Larsson_Lars-Erik";;"Missa brevis";;"SSAATTBB";;"Blåsare,Orgel";"Latin";;"Allmänt";"I allmänhet";;"Mässa";;35
"Larsson_Lars-Erik";;"en hund kallad Ego";;"SATB";;;"Svenska";"Nietsche_Friedrich";"Allmänt";;;;;40
"di Lasso_Orlando";;"Tristis est anima mea";;"SATTB";;;"Latin";"Bibel";"Fastan,Passionstid";"Skärtorsd";;;;40
"di Lasso_Orlando";;"Tibi laus";;"SATB";;;"Latin";;"Lovsång,Tacksamhet,Tacksägelse";"I allmänhet,Tacksägelsed";;;;9
"di Lasso_Orlando";;"Vi tillbedja dig";;"SSA";;;"Svenska";;"Lovsång,Tacksamhet,Tacksägelse";"I allmänhet,Tacksägelsed";;;;39
"di Lasso_Orlando";;"Miserere mei,Domine";;"SATB";;;"Svenska";;"Fastan,Passionstid,Förtvivland";"Skärtorsd,Långfredagen,1 i fastan.,2 i fastan.,3 i fastan.,5 i fastan.,Botdagen,Askonsd.";;;;37
"Laub_Thomas";;"Kristus Jesus blev lydig intill döden";;"SATB";;;"Svenska";"Bibel";"Fastan,Passionstid";"Långfredagen";;;;40
"Laub_Thomas";;"Korsang i Adventstiden";;"SATB";;;"Danska";"Bibel";"Advent";"1 advent,2 advent,3 advent,4 advent";;;;40
"Laub_Thomas";;"Korsang i Trinitatistiden";;"SATB";;;"Danska";"Bibel";"Trefaldighetstiden,Allmänt";"I allmänhet";;;;40
"Leighton_Kenneth";;"Crucifixus pro nobis";;"SSAATTBB";"S,eller,T";"Orgel";"Engelska";;"Fastan,Passionstid";"Långfredagen,Skärtorsd";;;;21
"Leisring_Volckmar";;"Gör porten hög,gör dörren bred";;"SSAB+SATB";;;"Svenska";;"Advent";"1 advent,2 advent,3 advent,4 advent";;;;15
"Leontovich_Mykola";"Di Marino_Roberto";"Hark how the bells";"Carol of the bells";"SSATB";;;"Engelska";"Wilhousky_Peter J";"Jul";"Jul i allmänhet";;;;40
"Lewkovitch_Bernhard";;"Il cantico delle creature";;"8 mansröster";;;"Italienska";"Franciskus av Asissi";"Allmänt";"I allmänhet";;;;14
"Lewkovitch_Bernhard";;"Mariavise";;"SATB";;;"Danska";"Jörgensen_Johannes";"Jungfru Maria";"4 advent,Marie bebåd.";;;;24
"Lewkovitch_Bernhard";;"3 Salmi";;"SSAATTB";;;"Latin";"Bibel";"Allmänt";"I allmänhet";2;;;29
"Lewkovitch_Bernhard";;"Improperia per voci";;"SATTBB";;;"Latin";"Bibel";"Passionstid";"Långfredagen";;;;19
"Lidholm_Ingvar";;"De profundis";;"SSSSAAAATTTBBB";;;"Latin";"Bibel";"Allmänt";"I allmänhet";;;;67
"Lidholm_Ingvar";;"Laudi";;"SATB";;;"Latin";"Bibel";"Allmänt";"I allmänhet";;;;28
"Liljefors_Ruben";;"När det lider mot jul";;"SATB";;;"Svenska";"Otterdahl_Jeanna";"Jul";"Jul i allmänhet";;;;40
"Lindberg_Nils";;"As you are";;"SSAATBB";;;"Engelska";"Mitchell_Red";"Allmänt,Kärlek";;;;;40
"Lindberg_Nils";;"Sommarpsalm";;"SAATBB";;;"Svenska";"Martinson_Harry";"Sommar";"I allmänhet";;;;40
"Lindberg_Nils";;"Den stora sorgen";;"SAATBB";;;"Svenska";"Martinson_Harry";"Sommar";"I allmänhet";;;;40
"Lindberg_Nils";;"Har du din lampa redo";;"SSAATBB";;;"Svenska";"Root G F";"Yttersta tiden";"Sö f domsönd";;;;20
"Lindberg_Nils";;"Lärkan";;"SSAATBB";;;"Svenska";"Jändel_Ragnar";"Allmänt,Natur,Vår";;;;;40
"Trad";"Lindberg_Nils";"Stilla,sköna aftontimma";;"SAATBB";;;"Svenska";;"Vaksamhet,All helgona,Begravning,Afton,Tröst,Himlen";"Alla helgons d,16 sö e Tref.";;;;40
"Lindberg_Nils";;"Shall I compare…";;"SAATB";;;"Engelska";"Shakespeare_William";"Kärlek";;;;;40
"Lindberg_Nils";;"Världsklockan";;"SAATBB";"S";;"Svenska";"Martinson_Harry";"Allmänt,Miljöförstöring";;;;;40
"Lindberg_Oskar";;"Adventshymn";;"SATBB";;;"Svenska";;"Advent";"1 advent,2 advent,3 advent,4 advent";;;;30
"Lindberg_Oskar";;"Bönens ros";;"SATB";;;"Svenska";"Gabrielsson_Samuel";"Bön,Allmänt";"Bönsönd,I allmänhet";;;;34
"Trad";"Lindberg_Oskar";"I Kristne vänner alla";;"SATB";;;"Svenska";;"Allmänt,Lovsång";"I allmänhet";;;;23
"Lindberg_Oskar";;"Lovsång ur kyrkokantat nr 3";;"SATBB";;"Orgel,Brass";"Svenska";;"Allmänt,Lovsång";"I allmänhet";;;;25
"Lindberg_Oskar";;"Jag lyfter ögat mot himmelen";;"SSA";;;"Svenska";"Runeberg_J L";"Bön,Dop,Tacksamhet";"I allmänhet";;;;40
"Lindberg_Oskar";"Johansson_Olle";"Jag lyfter ögat mot himmelen";;"SATB";;;"Svenska";"Runeberg_J L";"Bön,Dop,Tacksamhet";"I allmänhet";;;;40
"Lindberg_Oskar";;"O du som ser";;"SATB";;;"Svenska";"Otterdahl_Jeanna";"Allmänt";"I allmänhet";;;;11
"Trad";"Lindberg_Oskar";"Gammal fäbodpsalm från Dalarna";;"SSAATB";"S";;"Svenska";;"Allmänt,Sorg,Hopp,Sommar";"I allmänhet";;;;40
"Trad";"Lindberg_Oskar";"Till fadershuset,till Guds stad";;"SATB";;;"Svenska";"Trad";"All helgona";"Alla helgons d";;;;23
"Lindberg_Oskar";;"Kyrkokantat nr 1";;"SATB,Barnkör";;"Orkester";"Svenska";;"All helgona";"Alla helgons d";;;;5
"Trad";;"Stilla sköna aftontimma";;"SAATBB";;;"Svenska";;"Yttersta tiden,Kyrkoårets slut";"Sö f domsönd,Domssöndagen";;;;41
"Lindberg_Oskar";;"Stjärntändningen";;"SSAATTBB";;;"Svenska";"Heidenstam_Verner von";"Stjärnorna,Allmänt";;;;;80
"Trad";"Lindberg_Staffan";"Slåttervisa";;"SATBB";"Röst";;"Svenska";"Trad";"Sommar,Livet";;;;;40
"Lindblad_Adolf Fredrik";;"Om vinterkväll";"Gammalt och nytt";"SATTBB";"Röst";"Piano";"Svenska";"Lindblad_Adolf Fredrik";"Årstider";;2;;;20
"Lindblad_Adolf Fredrik";;"Över skogen,över sjön";"En sommarafton";"SATB";;;"Svenska";"Lindblad_Adolf Fredrik";"Sommar";;;;;20
"Lindegren_Johan";;"O,Guds Lamm";;"SATB";;;"Svenska";;"Nattvard,Mässa";"I allmänhet";;;;40
"Lindegren_Johan";;"Laudamus";;"SATBB";;;"Svenska";;"Mässa,Allmänt,Lovsång";"I allmänhet";;;;40
"Lindegren_Johan";;"Laudamus";;"SSATB";;;"Svenska";;"Allmänt,Bön,Mässa";"I allmänhet";;;;40
"Lindroth_Henry";;"De sårade hans kropp";;"SAB";;;"Svenska";"Frostensson_Anders";"Fastan,Passionstid";"Långfredagen";;;;40
"Lindroth_Henry";;"Gud,en brusten skål i dig";"Meditation 2";"SATB";;;"Svenska";"Frostensson_Anders";"Allmänt";"I allmänhet";;;;40
"Lindroth_Henry";;"Guds rådslut";;"SATB";;;"Svenska";"Frostensson_Anders";"Allmänt,Yttersta tiden";"I allmänhet,2 e trettond";;;;40
"Lindroth_Henry";;"Jorden blir vacker";;"SATB";;;"Svenska";"Frostensson_Anders";"Allmänt,Förtröstan,Hopp,Kärlek,Vår";"I allmänhet";;;;28
"Lindroth_Henry";;"Hymn till Ordet";;"SATB";;;"Svenska";"Runeberg_J L";"Allmänt";"I allmänhet";;;;38
"Lindroth_Henry";;"Jag lyfter mina ögon upp till bergen";;"SATB+församling";"Liturg,Baryton";"Orgel,Violin 1,Violin 2";"Svenska";"Runeberg_J L";"Allmänt,Nyår";"I allmänhet,Nyårsdagen";2;;;26
"Lindroth_Henry";;"Låten barnen komma till mig";;"SSAB,Barnkör";"Baryton,Recitation";"Orgel";"Svenska";"Nilsson_john";"Allmänt";"I allmänhet";2;;;26
"Lindberg_Oskar";;"Hymn";"vid John Nilssons installation i Engelbrektskyrkan,Fastlagssöndagen 1955";"SATB";;;"Svenska";"Nilsson_john";"Allmänt";"I allmänhet";;;;40
"Lindberg_Oskar";;"Installationshymn";;"SATB";;;"Svenska";;"Allmänt";"I allmänhet";;;;15
"Lindroth_Henry";;"Lammets folk och Sions fränder";"mel från älvdalen";"SATB";;;"Svenska";;"Allmänt";"I allmänhet";;;;40
"Lindroth_Henry";;"Se kärlet brast";;"SATB";;;"Svenska";"Söderblom_Nathan";"Allmänt";"I allmänhet";;;;40
"Lindroth_Henry";;"Som ett sorl";;"SATB";;"Orgel";"Svenska";"Frostensson_Anders";"Allmänt,Påsktiden";"I allmänhet,2 i påsktiden,3 i påsktiden,4 i påsktiden,5 i påsktiden";;;;40
"Lindroth_Henry";;"Du,o Gud är livets källa";;"SSAATTBB";;;"Svenska";"Frostensson_Anders";"Allmänt,Lovsång";"I allmänhet";;;;40
"Lindroth_Henry";;"Nu finns bara Gud och du";;"SATTBB";;;"Svenska";"Frostensson_Anders";"Begravning";"I allmänhet";;;;40
"Lindroth_Henry";;"Ordlöst med andedräkten talar vi,Gud,till dig";"Meditation nr 4";"SATB";;;"Svenska";"Frostensson_Anders";"Allmänt";"I allmänhet";;;;40
"Lindroth_Henry";;"Längtans fåglar";;"SSATBB";"Röst";;"Svenska";"Bolander_Nils";"Allmänt";"I allmänhet";;;;40
"Lindroth_Henry";;"Vintersöndag på slätten";;"SSAAATTBBB";;;"Svenska";"Frostensson_Anders";"Allmänt";"I allmänhet";;;;47
"Lindroth_Henry";;"Processionspsalm";;"SATB";;;"Svenska";"Frostensson_Anders";"Allmänt";"I allmänhet";;;;45
"Lindroth_Henry";;"De lånade krubba";;"SATB";;;"Svenska";"Bolander_Nils";"Jul";"Julnatten,Juldagen";;;;31
"Lindroth_Henry";;"O släck vår eld,vår oros hetta";"Meditation nr 1";"SAAB";;;"Svenska";"Frostensson_Anders";"Allmänt";;;;;31
"Lindroth_Henry";;"Vårt hjärta ser det klarast";"Meditation nr 5";"SATB";;;"Svenska";"Frostensson_Anders";"Allmänt,Livet,Döden";"I allmänhet";;;;40
"Lindroth_Henry";;"Så är du Gud för mig";"Meditation nr 3";"SATB";;;"Svenska";"Frostensson_Anders";"Allmänt";"I allmänhet";;;;40
"Lindroth_Henry";;"Asträckta mellan spikar";"Meditation nr 3";"SABB";;;"Svenska";"Frostensson_Anders";"Passionstid";"Långfredagen";;;;40
"Trad";"Lindroth_Henry";"Vision i folkton 1";;"SATBB";;;"Svenska";"Trad";"Allmänt,All helgona";"I allmänhet";;;;40
"Trad";"Lindroth_Henry";"Vision i folkton 2";;"SATBB";"Röst";;"Svenska";"Trad";"Allmänt,Begravning,All helgona";"I allmänhet";;;;40
"Lindwall_Hampus";;"Ljuvlig är din boning,Herre Sebaot!";;"SATBB";;"Orgel";"Svenska";"Bibel";"Allmänt,Nattvard";"Sö e Nyår,I allmänhet";;;;40
"Lotti_Antonio";;"Crucifixus";;"SSAATTBB";;;"Latin";;"Passionstid";"Långfredagen";;;;40
"Lotti_Antonio";;"Crucifixus";;"SSAATTBB";;;"Latin";;"Passionstid";"Långfredagen";;;;40
"Lotti_Antonio";;"Miserere";;"SATB";;;"Svenska";;"Allmänt";"Apostladagen,I allmänhet";;;;21
"Lotti_Antonio";;"Han bar vår krankhet";;"SSA";;;"Svenska";;"Fastan,Passionstid";"Långfredagen";;;;2
"Lotti_Antonio";;"Han bar vår krankhet";;"SAB";;;"Svenska";;"Fastan,Passionstid";"Långfredagen";;;;40
"Lotscher_Johan Georg";;"Ära vae Gud i höjden";;"SATB";;;"Svenska";"Bibel";"Jul,Allmänt";"Julnatten,Juldagen,Jul i allmänhet";;;;29
"Trad";"Luboff_Norman";"Go tell it on the mountain";;"SAATTBB";;"Piano";"Engelska";"Trad";"Jul";"Jul i allmänhet,Julnatten,Juldagen";;;;20
"Trad";"Luboff_Norman";"Go tell it on the mountain";;"SAATTBB";"Röst";"Piano";"Engelska";"Trad";"Jul";"Jul i allmänhet,Julnatten,Juldagen";;;;20
"Trad";"Luboff_Norman";"Go tell it on the mountain";;"SAATTBB";"Röst";"Piano";"Engelska";"Trad";"Allmänt";"I allmänhet";;;;20
"Trad";"Luboff_Norman";"Still,Still,Still";;"SATB";;"Piano";"Engelska";"Trad";"Jul";"Julnatten,Juldagen,Jul i allmänhet";;;;20
"Trad";"Luboff_Norman";"Still,Still,Still";;"SAATTBB";;;"Engelska";"Trad";"Allmänt";"I allmänhet";;;;23
"Luther_Martin";"Richter_Otto";"Non moriar,sed vivam!";;"SATB";;;"Latin,Tyska";"Luther_Martin";"Allmänt";"I allmänhet";;;;19
"Lundmark_Arne";;"En målares önskan";;"SSATB";;"Piano";"Latin,Tyska";"Boye_Karin";"Allmänt";"I allmänhet";;;;19
"Lundmark_Arne";;"I rörelse";;"SATB";;"Piano";"Svenska";"Boye_Karin";"Allmänt";"I allmänhet";;;;13
"Holmberg_Margit";"Lunell_Hans";"Trollmorgenom seklerna";;"SAATBB";;;"Svenska";"Holmberg_Margit";"Allmänt";;;;;35
"Löfberg_Maria";;"Som hjorten längtar";;"SATB";;;"Svenska";"Bibel";"Allmänt,Förtröstan,Nattvard";"I allmänhet";;;;40
"Löfberg_Maria";;"Så älskade Gud världen";;"SATB";;"Piano/orgel";"Svenska";"Bibel";"Allmänt";"5 i fastan.,I allmänhet";;;;40
"Lundmark_Arne";;"I rörelse";;"SSAATTBB";;;"Svenska";"Trad";;"I allmänhet";;;;40
"McDowall_Cecilia";;"Regina coeli";;"SSAATTBB";;;"Latin";;"Herrens moder,Jungfru Maria";"4 advent";;;;40
"McDowall_Cecilia";;"Regina coeli";;"SATB";;;"Engelska";;"Jul";"Jul i allmänhet,Julafton,Julnatten,Juldagen";;;;40
"McDowall_Cecilia";;"Now may we singen";;"SATB";;;"Engelska";;"Jul";"Jul i allmänhet,Julafton,Julnatten,Juldagen";;;;40
"Mason_Lowell";"Rutter_John";"Joy to the world";;"SATB";"S";"Orgel";"Engelska";"Watts_Isaac";"Jul";"Julnatten,Juldagen,Annandag jul,Jul i allmänhet";;;;40
"Trad";"Martin-Löf_Cecilia";"Staffansvisa från Hälsingland";;"SATB";;;"Svenska";"Trad";"Lucia";;;;;41
"Mahler_Gustav";"Gottwald_Clytus";"Ich bin der Welt abhanden gekommen";;"SSSSAAAATTTTBBBB";;;"Tyska";"Rückert_Friedrich";"Allmänt,Livet,Vemod";;;;;40
"Mendelssohn_Felix";;"Hear my prayer";;"SATB";"S";"Orgel";"Engelska";"Bibel";"Bön,Förtröstan,Förtvivland,Hopp,Nåd";"I allmänhet";;;;41
"Mendelssohn_Felix";;"Sanctus ""Heilig ist Gott der Herr Zebaoth""";;"SATB+SATB";;;"Tyska";"Bibel";"Allmänt";"I allmänhet";;;;40
"Mendelssohn_Felix";;"Ehre sei Gott in der Höhe";;"SATB+SATB";"S A T B";;"Tyska";"Bibel";"Allmänt";"I allmänhet";;;;23
"Mendelssohn_Felix";;"Denn er hat seinen Engeln befohlen";;"SSAATTBB";;;"Tyska";"Bibel";"Allmänt,Änglar";"I allmänhet,Mikaels d";;;;39
"Mendelssohn_Felix";;"Der zweiundzwanzigste Psalm";;"SSAATTBB";"S A T B";;"Tyska";"Bibel";"Passionstid";"Långfredagen";;;;27
"Mendelssohn_Felix";;"Am Neujahrstage";;"SSAATTBB";;;"Tyska";"Bibel";"Allmänt,Nyår";"Nyårsdagen";;;;27
"Mendelssohn_Felix";;"Psalm 100 Jauchzet dem Herrn";;"SATB";"SSAATTBB";;"Tyska";"Bibel";"Allmänt,Lovsång";"I allmänhet";;;;40
"Mendelssohn_Felix";;"Richte mich,Gott";;"SSAATTBB";;;"Tyska";"Bibel";"Allmänt,Förtröstan";;;;;40
"Mendelssohn_Felix";;"Der zweite Psalm";;"SATB+SATB";"SATB+SATB";;"Tyska";"Bibel";;;;;;40
"Båge_Magnus";;"Missa brevis";;"SSATB";"S";"Orkester";"Latin";;"Allmänt";"I allmänhet";2;"Mässa";;20
"Båge_Magnus";;"Jag tror på en gud";;"SSAATTBB";"S";"Instrumentalister";"Svenska";"Lövestam_Christina";"Tro,Allmänt";"I allmänhet";;;"Ingår i Må kärleken";20
"Båge_Magnus";;"Natten lyser som dagen";;"SSAATTBB";"S";"Instrumentalister";"Svenska";"Lövestam_Christina";"Ordet";"I allmänhet";;;"Ingår i Må kärleken";20
"Båge_Magnus";;"Må kärleken";;"SSAATTBB";"S";"Instrumentalister";"Svenska";"Lövestam_Christina";"Kärlek,Bröllop";"I allmänhet";;;"Ingår i Må kärleken";20
"Båge_Magnus";;"Natten lyser som dagen";;"SSAATTBB";"S";"Instrumentalister";"Svenska";"Bibel";"Ordet";"I allmänhet";;;"Ingår i Må kärleken";20
"Lindmark_Susanna";;"Song of hope";;"SSAATB";;"Percussion";"Engelska";"Lindmark_Susanna";"Glädje,Hopp";;;;;45
"Byström_Britta";;"Lux aeterna";;"SSAABB";;;"Latin";;"All helgona,Begravning";;;;;45
"Sköld_Agneta";;"Långt bortom detta…";;"SATTBB";"Röst";;"Latin,Svenska";;"Evigheten";"I allmänhet,Sö e alla helgons d";;;;20
"Sandström_Sven David";;"To See a World";;"SSAATTBB";;;"Engelska";"Blake_William";"Allmänt";"I allmänhet";;;;20
"Johanson_Sven-Eric";;"Höst";;"SATB";;;"Svenska";"Aspenström_Werner";"Höst";"I allmänhet";;;;20
"Johanson_Sven-Eric";;"Mätarlarven";;"SAATB";;;"Svenska";"Aspenström_Werner";"Allmänt";"I allmänhet";;;;20
